1548074847297021184,-0.39334,0.02378,0.02812,0.74730,0.02047,-0.66398,0.01589,-0.40610,0.03812,0.00993,
1548074847396941312,-0.50670,0.02614,0.02660,0.74505,0.01952,-0.66652,0.01660,-0.46676,0.02891,0.00999,
1548074847496860928,-0.56445,0.03401,0.02322,0.74264,0.01962,-0.66918,0.01755,-0.50258,0.04294,0.01391,
1548074847596791040,-0.61587,0.03556,0.00880,0.74055,0.02090,-0.67140,0.01949,-0.49571,0.02651,0.00584,
1548074847696711168,-0.67209,0.03112,0.00039,0.73843,0.02391,-0.67356,0.02179,-0.51036,0.00430,-0.01899,
1548074847796631040,-0.72531,0.04011,-0.00707,0.73663,0.02388,-0.67555,0.02079,-0.49668,0.00140,-0.03867,
1548074847896551168,-0.78391,0.05012,-0.00032,0.73448,0.02246,-0.67799,0.01900,-0.50916,0.02296,-0.03930,
1548074847996471040,-0.83543,0.05394,-0.00462,0.73194,0.02259,-0.68073,0.01883,-0.48388,0.03876,-0.02657,
1548074848096390912,-0.88724,0.05755,-0.01215,0.73015,0.02181,-0.68267,0.01906,-0.45114,0.04384,-0.03236,
1548074848196311040,-0.93625,0.05490,-0.01190,0.72823,0.02205,-0.68469,0.02003,-0.42773,0.05910,-0.02137,
1548074848296230912,-1.00274,0.04410,-0.00444,0.72743,0.02150,-0.68551,0.02172,-0.46317,0.04286,-0.01558,
1548074848396151040,-1.05872,0.04386,-0.00121,0.72555,0.02075,-0.68751,0.02181,-0.47960,0.02389,-0.01180,
1548074848496071168,-1.11430,0.04335,-0.00150,0.72430,0.02044,-0.68885,0.02136,-0.44431,0.00411,-0.06022,
1548074848596001024,-1.16693,0.04502,-0.00342,0.72186,0.01996,-0.69144,0.02064,-0.48376,-0.03614,0.01451,
1548074848695920896,-1.22277,0.04165,0.00142,0.71958,0.02244,-0.69379,0.01871,-0.45005,-0.01073,-0.03350,
1548074848795841024,-1.27725,0.04013,0.00288,0.71867,0.02274,-0.69474,0.01855,-0.48549,0.02059,-0.02695,
1548074848895760896,-1.34804,0.03396,0.00668,0.71817,0.02307,-0.69525,0.01795,-0.47963,-0.00021,-0.02084,
1548074848995681024,-1.39681,0.03558,0.00755,0.71766,0.02350,-0.69575,0.01870,-0.43208,0.01718,-0.01172,
1548074849095601152,-1.44117,0.03407,0.00922,0.71833,0.02362,-0.69505,0.01865,-0.38838,0.00127,-0.00632,
1548074849195521024,-1.48106,0.03436,0.00613,0.71945,0.02419,-0.69388,0.01838,-0.35863,-0.00253,-0.00771,
1548074849295440896,-1.52478,0.03255,0.00517,0.72018,0.02490,-0.69310,0.01826,-0.36054,-0.00424,-0.02220,
1548074849395371008,-1.57592,0.02813,-0.00173,0.72036,0.02532,-0.69291,0.01765,-0.38742,0.00343,-0.02368,
1548074849495290880,-1.62019,0.02867,-0.00290,0.72043,0.02498,-0.69286,0.01731,-0.39414,0.00933,-0.01303,
1548074849595211008,-1.66680,0.03035,-0.00462,0.72005,0.02449,-0.69328,0.01718,-0.38162,0.01826,-0.01229,
1548074849695131136,-1.72063,0.03465,-0.00718,0.71963,0.02365,-0.69372,0.01787,-0.38155,0.02881,-0.01378,
1548074849795051008,-1.77115,0.03950,-0.01185,0.71919,0.02227,-0.69423,0.01771,-0.37746,0.01024,-0.01976,
1548074849894970880,-1.81377,0.04300,-0.01232,0.71941,0.02193,-0.69401,0.01788,-0.35963,0.02309,-0.02184,
1548074849994891008,-1.86428,0.05019,-0.01311,0.71986,0.02084,-0.69358,0.01760,-0.36276,0.01214,-0.02616,
1548074850094810880,-1.90724,0.04995,-0.01429,0.72071,0.02105,-0.69271,0.01685,-0.36446,0.01118,-0.02186,
1548074850194731008,-1.95513,0.04867,-0.01650,0.72045,0.02074,-0.69300,0.01639,-0.41122,0.00178,-0.04907,
1548074850294661120,-2.01645,0.05481,-0.01699,0.71624,0.02001,-0.69737,0.01648,-0.37039,0.02758,-0.02118,
1548074850394580992,-2.05690,0.05741,-0.01864,0.71688,0.01949,-0.69673,0.01682,-0.25833,0.01109,-0.01540,
1548074850494500864,-2.10499,0.05674,-0.01901,0.71550,0.01958,-0.69812,0.01726,-0.24566,0.03587,-0.02255,
1548074850594420992,-2.16016,0.05587,-0.01706,0.71388,0.01998,-0.69974,0.01866,-0.21441,0.00516,-0.01724,
1548074850694340864,-2.19548,0.05195,-0.01760,0.71278,0.02041,-0.70083,0.01891,-0.17940,0.01427,-0.00953,
1548074850794260992,-2.23217,0.04814,-0.01826,0.71159,0.02086,-0.70203,0.01898,-0.14543,0.00265,-0.01183,
1548074850894181120,-2.26410,0.04475,-0.01908,0.71067,0.02183,-0.70291,0.01976,-0.10218,0.00865,-0.01284,
1548074850994100992,-2.30532,0.04227,-0.02160,0.71041,0.02213,-0.70316,0.01960,-0.07414,0.00097,-0.01173,
1548074851094031104,-2.32189,0.03856,-0.02285,0.71010,0.02318,-0.70343,0.02033,-0.03763,0.00374,-0.01112,
1548074851193950976,-2.34053,0.03422,-0.02525,0.70996,0.02393,-0.70353,0.02075,-0.01180,0.00232,-0.01217,
1548074851293870848,-2.35610,0.03090,-0.02701,0.70985,0.02451,-0.70361,0.02117,0.00837,0.00046,-0.01236,
1548074851393790976,-2.36917,0.02802,-0.02863,0.70986,0.02493,-0.70358,0.02145,0.02521,0.00193,-0.01270,
1548074851493711104,-2.37884,0.02648,-0.03001,0.70993,0.02510,-0.70349,0.02157,0.03807,-0.00027,-0.01338,
1548074851593630976,-2.38625,0.02566,-0.03099,0.71001,0.02519,-0.70341,0.02164,0.05102,0.00057,-0.01382,
1548074851693551104,-2.39184,0.02522,-0.03156,0.71011,0.02520,-0.70331,0.02165,0.06022,-0.00025,-0.01394,
1548074851793470976,-2.39598,0.02506,-0.03214,0.71022,0.02519,-0.70319,0.02165,0.06758,-0.00099,-0.01393,
1548074851893390848,-2.39886,0.02510,-0.03238,0.71031,0.02511,-0.70311,0.02157,0.07220,-0.00122,-0.01422,
1548074851993320960,-2.40102,0.02520,-0.03251,0.71036,0.02501,-0.70306,0.02146,0.07427,-0.00209,-0.01370,
1548074852093241088,-2.40268,0.02555,-0.03227,0.71036,0.02479,-0.70308,0.02122,0.07499,-0.00310,-0.01422,
1548074852193160960,-2.40459,0.02605,-0.03193,0.71027,0.02472,-0.70317,0.02112,0.06691,-0.00247,-0.01501,
1548074852293081088,-2.40668,0.02653,-0.03108,0.71009,0.02451,-0.70338,0.02091,0.05525,-0.00508,-0.01536,
1548074852393000960,-2.40992,0.02709,-0.02997,0.70984,0.02408,-0.70365,0.02042,0.03024,-0.00563,-0.01455,
1548074852492920832,-2.41533,0.02731,-0.02642,0.70930,0.02280,-0.70429,0.01875,-0.06543,-0.01414,-0.01375,
1548074852592840960,-2.43535,0.02894,-0.02438,0.70785,0.02291,-0.70575,0.01849,-0.19374,-0.01572,-0.01319,
1548074852692760832,-2.46729,0.02816,-0.02297,0.70542,0.02243,-0.70822,0.01752,-0.30779,-0.02462,-0.01633,
1548074852792680960,-2.48706,0.03620,-0.02366,0.70277,0.02243,-0.71086,0.01697,-0.39763,-0.01236,-0.02159,
1548074852892611072,-2.48613,0.03926,-0.01530,0.69969,0.02115,-0.71397,0.01539,-0.44550,-0.01415,-0.01721,
1548074852992530944,-2.49313,0.04557,-0.01143,0.69724,0.02017,-0.71639,0.01523,-0.41202,-0.00290,-0.01665,
1548074853092450816,-2.49418,0.05186,-0.01952,0.69628,0.01543,-0.71756,0.00861,-0.29297,0.00018,0.00135,
1548074853192370944,-2.50945,0.06347,-0.01730,0.69383,0.00667,-0.72011,0.00106,-0.00846,0.01080,-0.04259,
1548074853292290816,-2.51251,0.07468,-0.01348,0.69377,0.00494,-0.72018,-0.00045,0.10010,-0.01241,-0.01597,
1548074853392210944,-2.49995,0.08386,-0.01859,0.69532,0.00435,-0.71868,-0.00019,0.07839,0.03949,0.00525,
1548074853492131072,-2.50632,0.08985,-0.01752,0.69538,0.00165,-0.71864,-0.00242,0.03873,-0.00883,-0.00470,
1548074853592050944,-2.51584,0.09563,-0.01650,0.69506,-0.00109,-0.71893,-0.00496,0.03360,0.00817,-0.01021,
1548074853691980800,-2.52237,0.10343,-0.01578,0.69498,-0.00468,-0.71897,-0.00844,0.05134,0.00492,-0.00903,
1548074853791900928,-2.52655,0.11241,-0.01561,0.69503,-0.00807,-0.71885,-0.01129,0.04377,-0.00326,-0.00900,
1548074853891820800,-2.53044,0.12175,-0.01552,0.69491,-0.01205,-0.71884,-0.01493,0.03769,0.00269,-0.00830,
1548074853991740928,-2.53301,0.13208,-0.01531,0.69480,-0.01614,-0.71878,-0.01864,0.04724,-0.00379,-0.00891,
1548074854091661056,-2.53453,0.14422,-0.01506,0.69473,-0.02079,-0.71861,-0.02277,0.04406,-0.00288,-0.00834,
1548074854191580928,-2.53545,0.15889,-0.01483,0.69457,-0.02661,-0.71839,-0.02804,0.04360,-0.00314,-0.00810,
1548074854291500800,-2.53555,0.17444,-0.01460,0.69436,-0.03269,-0.71810,-0.03345,0.04778,-0.00690,-0.00807,
1548074854391420928,-2.53493,0.19027,-0.01432,0.69411,-0.03890,-0.71776,-0.03900,0.04740,-0.00619,-0.00799,
1548074854491340800,-2.53387,0.20619,-0.01400,0.69378,-0.04519,-0.71738,-0.04463,0.04967,-0.00812,-0.00808,
1548074854591260928,-2.53199,0.22479,-0.01366,0.69337,-0.05247,-0.71685,-0.05113,0.05001,-0.00975,-0.00808,
1548074854691191040,-2.52936,0.24353,-0.01324,0.69286,-0.05976,-0.71627,-0.05764,0.05176,-0.01079,-0.00779,
1548074854791110912,-2.52586,0.26476,-0.01297,0.69223,-0.06817,-0.71549,-0.06514,0.05267,-0.01320,-0.00750,
1548074854891030784,-2.52178,0.28592,-0.01253,0.69149,-0.07651,-0.71465,-0.07255,0.05394,-0.01482,-0.00697,
1548074854990950912,-2.51694,0.30699,-0.01212,0.69068,-0.08488,-0.71370,-0.07995,0.05520,-0.01786,-0.00713,
1548074855090870784,-2.51177,0.32718,-0.01178,0.68982,-0.09289,-0.71270,-0.08704,0.05580,-0.01891,-0.00621,
1548074855190790912,-2.50413,0.35214,-0.01100,0.68833,-0.10254,-0.71178,-0.09513,0.08754,-0.02835,-0.00192,
1548074855290711040,-2.48955,0.36776,-0.00986,0.68785,-0.11055,-0.71007,-0.10219,0.19551,-0.07210,0.00174,
1548074855390630912,-2.46145,0.38250,-0.00915,0.68782,-0.11911,-0.70753,-0.11013,0.30277,-0.10481,0.00700,
1548074855490560768,-2.42437,0.39080,-0.00860,0.68826,-0.12706,-0.70446,-0.11783,0.37125,-0.16003,0.00459,
1548074855590480896,-2.38415,0.38970,-0.00719,0.68877,-0.13239,-0.70202,-0.12343,0.41738,-0.17035,0.00979,
1548074855690400768,-2.34089,0.38539,-0.00594,0.68924,-0.13816,-0.69940,-0.12922,0.44686,-0.20372,0.01248,
1548074855790320896,-2.30423,0.36828,-0.00591,0.69138,-0.13946,-0.69675,-0.13067,0.51079,-0.22243,0.01187,
1548074855890241024,-2.25370,0.35001,-0.00289,0.69398,-0.14147,-0.69334,-0.13289,0.53015,-0.23972,0.01086,
1548074855990160896,-2.20168,0.33301,-0.00175,0.69678,-0.14449,-0.68934,-0.13573,0.53882,-0.23780,-0.00134,
1548074856090080768,-2.15036,0.31826,-0.00545,0.69981,-0.14948,-0.68410,-0.14113,0.53907,-0.25704,-0.00105,
1548074856190000896,-2.09889,0.29622,-0.00524,0.70271,-0.15115,-0.68009,-0.14431,0.51174,-0.26775,-0.00826,
1548074856289930752,-2.05003,0.27474,-0.00700,0.70481,-0.15317,-0.67644,-0.14903,0.48179,-0.26295,-0.01819,
1548074856389850880,-2.00541,0.25156,-0.00777,0.70469,-0.15553,-0.67531,-0.15224,0.50607,-0.27333,-0.00666,
1548074856489771008,-1.96147,0.22753,-0.00336,0.70570,-0.16018,-0.67151,-0.15942,0.43544,-0.23441,0.00228,
1548074856589690880,-1.91961,0.20396,-0.00547,0.70542,-0.16312,-0.67053,-0.16177,0.44749,-0.23912,-0.01246,
1548074856689610752,-1.87786,0.17805,-0.00615,0.70429,-0.16699,-0.66993,-0.16515,0.42363,-0.24820,-0.01878,
1548074856789530880,-1.83894,0.14658,-0.00377,0.70106,-0.17707,-0.66806,-0.17566,0.42254,-0.25622,-0.01282,
1548074856889450752,-1.80068,0.11307,-0.00421,0.69990,-0.18213,-0.66636,-0.18148,0.41790,-0.27734,-0.00656,
1548074856989370880,-1.76488,0.08092,-0.00346,0.69873,-0.18657,-0.66487,-0.18686,0.40998,-0.29029,-0.00543,
1548074857089290752,-1.71255,0.06078,0.00414,0.70054,-0.17897,-0.66706,-0.17955,0.44558,-0.28342,0.00336,
1548074857189220864,-1.67507,0.02493,0.00325,0.69967,-0.18352,-0.66552,-0.18405,0.44143,-0.30096,0.00410,
1548074857289140992,-1.63734,-0.01017,0.00404,0.69831,-0.18830,-0.66442,-0.18828,0.41831,-0.26956,0.01749,
1548074857389060608,-1.56440,-0.00683,0.01256,0.70119,-0.17530,-0.66918,-0.17265,0.42457,-0.25993,0.00462,
1548074857488980736,-1.52244,-0.03071,0.01360,0.70075,-0.17577,-0.66982,-0.17145,0.44300,-0.26830,-0.00075,
1548074857588900864,-1.47444,-0.05034,0.01440,0.70087,-0.17424,-0.67084,-0.16851,0.44862,-0.27940,-0.00002,
1548074857688820736,-1.42536,-0.07124,0.01366,0.70131,-0.17230,-0.67142,-0.16636,0.45182,-0.27561,-0.00635,
1548074857788740864,-1.35913,-0.07837,0.02254,0.70227,-0.16774,-0.67303,-0.16037,0.45274,-0.25893,0.01069,
1548074857888660992,-1.31160,-0.09187,0.02272,0.70342,-0.16546,-0.67317,-0.15702,0.46028,-0.25029,0.00565,
1548074857988580608,-1.26029,-0.10311,0.02312,0.70456,-0.16345,-0.67333,-0.15333,0.47809,-0.25007,0.00757,
1548074858088510720,-1.20024,-0.11741,0.02791,0.70798,-0.16161,-0.67101,-0.14964,0.56590,-0.25726,-0.04731,
1548074858188430848,-1.15015,-0.13973,0.02287,0.71190,-0.16167,-0.66708,-0.14853,0.43017,-0.24580,0.01833,
1548074858288350720,-1.09747,-0.15188,0.03101,0.71097,-0.15877,-0.66955,-0.14495,0.34483,-0.16611,-0.00988,
1548074858388270848,-1.06607,-0.17430,0.02900,0.71225,-0.16066,-0.66734,-0.14678,0.33261,-0.18405,-0.00593,
1548074858488190976,-1.02773,-0.20076,0.03174,0.71259,-0.16021,-0.66690,-0.14764,0.33096,-0.18487,-0.00155,
1548074858588110592,-1.00595,-0.22447,0.02870,0.71273,-0.16232,-0.66542,-0.15128,0.29108,-0.18260,-0.00802,
1548074858688030720,-0.98551,-0.26157,0.02969,0.71240,-0.16653,-0.66333,-0.15730,0.29889,-0.17266,-0.00786,
1548074858787950848,-0.95492,-0.29724,0.03215,0.71238,-0.16959,-0.66154,-0.16162,0.28287,-0.17707,-0.00143,
1548074858887870720,-0.94198,-0.33504,0.03200,0.71172,-0.17564,-0.65888,-0.16879,0.27499,-0.17538,-0.00668,
1548074858987800832,-0.92365,-0.36528,0.03135,0.71175,-0.17911,-0.65676,-0.17317,0.25581,-0.17088,-0.00125,
1548074859087720960,-0.89147,-0.39869,0.03315,0.71172,-0.18256,-0.65468,-0.17756,0.24133,-0.15774,0.00100,
1548074859187640576,-0.87338,-0.41680,0.03265,0.71248,-0.18372,-0.65309,-0.17917,0.20156,-0.13766,0.00541,
1548074859287560704,-0.85860,-0.43613,0.03291,0.71247,-0.18619,-0.65159,-0.18208,0.16658,-0.11458,0.00521,
1548074859387480832,-0.83045,-0.45421,0.03591,0.71258,-0.18732,-0.65087,-0.18307,0.14018,-0.09063,0.00808,
1548074859487400704,-0.82424,-0.46493,0.03594,0.71239,-0.18920,-0.65001,-0.18491,0.10256,-0.06911,0.00844,
1548074859587320832,-0.82057,-0.47590,0.03623,0.71187,-0.19162,-0.64917,-0.18732,0.07621,-0.04901,0.00747,
1548074859687240960,-0.82135,-0.48845,0.03683,0.71110,-0.19457,-0.64830,-0.19023,0.05245,-0.03316,0.00662,
1548074859787160832,-0.82168,-0.49502,0.03695,0.71056,-0.19665,-0.64764,-0.19233,0.02790,-0.01828,0.00831,
1548074859887090688,-0.82651,-0.50415,0.03777,0.70959,-0.19936,-0.64706,-0.19506,0.01325,-0.00324,0.00937,
1548074859987010816,-0.82966,-0.51120,0.03809,0.70881,-0.20154,-0.64660,-0.19717,0.01722,-0.00605,0.00848,
1548074860086930688,-0.82799,-0.51637,0.03787,0.70851,-0.20268,-0.64618,-0.19844,0.03742,-0.01933,0.00698,
1548074860186850816,-0.82285,-0.52419,0.03773,0.70797,-0.20403,-0.64593,-0.19981,0.06241,-0.04060,0.00692,
1548074860286770944,-0.80691,-0.53800,0.03758,0.70766,-0.20546,-0.64544,-0.20103,0.19553,-0.13512,0.00453,
1548074860386690816,-0.77068,-0.56156,0.03648,0.70974,-0.20495,-0.64345,-0.20061,0.32970,-0.21512,-0.00813,
1548074860486610688,-0.71921,-0.60432,0.03736,0.71124,-0.20507,-0.64124,-0.20221,0.38514,-0.28456,-0.01575,
1548074860586540800,-0.67822,-0.63641,0.03456,0.71333,-0.20447,-0.63867,-0.20361,0.41489,-0.30082,-0.01405,
1548074860686450688,-0.61264,-0.67561,0.03386,0.71685,-0.20009,-0.63669,-0.20176,0.41019,-0.30756,-0.02240,
1548074860786380800,-0.58163,-0.70995,0.02767,0.71849,-0.20161,-0.63291,-0.20626,0.36432,-0.26777,-0.03209,
1548074860886300928,-0.52712,-0.73767,0.02292,0.71881,-0.19984,-0.63440,-0.20227,0.32990,-0.21759,-0.06301,
1548074860986220800,-0.49352,-0.76894,0.01710,0.72006,-0.20170,-0.63162,-0.20464,0.36766,-0.25124,-0.01356,
1548074861086140672,-0.43379,-0.79221,0.01827,0.72095,-0.19888,-0.63337,-0.19878,0.37709,-0.23632,-0.01834,
1548074861186060544,-0.39161,-0.81042,0.01445,0.72209,-0.19735,-0.63370,-0.19508,0.34867,-0.22743,-0.02965,
1548074861285980672,-0.34831,-0.83044,0.00969,0.72283,-0.19549,-0.63424,-0.19245,0.34569,-0.22799,-0.02887,
1548074861385900800,-0.28025,-0.84634,0.00695,0.72541,-0.18529,-0.63731,-0.18242,0.36778,-0.26139,-0.03393,
1548074861485830656,-0.23195,-0.86673,0.00191,0.72619,-0.18084,-0.63866,-0.17905,0.40002,-0.27239,-0.03686,
1548074861585750784,-0.19694,-0.88491,-0.00170,0.72700,-0.17931,-0.63812,-0.17922,0.38543,-0.25527,-0.03311,
1548074861685670656,-0.13616,-0.90208,-0.00324,0.72903,-0.17209,-0.63973,-0.17219,0.38885,-0.25072,-0.02627,
1548074861785590528,-0.08766,-0.91941,-0.00651,0.73025,-0.16812,-0.64024,-0.16899,0.40250,-0.24401,-0.02554,
1548074861885510656,-0.05163,-0.93245,-0.00626,0.73231,-0.16506,-0.63946,-0.16604,0.15690,-0.12173,0.02541,
1548074861985430784,-0.04329,-0.92105,-0.00693,0.73308,-0.16017,-0.64104,-0.16125,-0.16138,0.08089,-0.00005,
1548074862085350656,-0.05439,-0.90554,-0.00491,0.73225,-0.15857,-0.64296,-0.15896,-0.01729,-0.00159,-0.00267,
1548074862185270784,-0.05254,-0.89868,-0.00503,0.73286,-0.15609,-0.64339,-0.15682,0.06280,-0.02488,-0.00372,
1548074862285190656,-0.04049,-0.89618,-0.00571,0.73350,-0.15389,-0.64376,-0.15449,0.11205,-0.06029,-0.00424,
1548074862385120512,-0.03061,-0.89287,-0.00546,0.73469,-0.15122,-0.64358,-0.15220,-0.04491,0.03215,-0.01363,
1548074862485040640,-0.03365,-0.88360,-0.00581,0.73434,-0.14896,-0.64510,-0.14964,-0.03527,0.02092,0.00173,
1548074862584960768,-0.03110,-0.87816,-0.00606,0.73502,-0.14715,-0.64511,-0.14806,0.01358,0.00540,0.00669,
1548074862684880640,-0.02788,-0.87360,-0.00636,0.73556,-0.14515,-0.64538,-0.14617,-0.05773,0.04100,-0.00066,
1548074862784800768,-0.02599,-0.86821,-0.00668,0.73577,-0.14328,-0.64601,-0.14418,-0.02327,0.02058,0.00165,
1548074862884720640,-0.02220,-0.86373,-0.00695,0.73634,-0.14136,-0.64619,-0.14237,-0.04608,0.03396,-0.00023,
1548074862984640512,-0.02011,-0.85876,-0.00729,0.73668,-0.13950,-0.64660,-0.14055,-0.04744,0.03614,0.00062,
1548074863084560640,-0.01706,-0.85415,-0.00768,0.73712,-0.13762,-0.64689,-0.13872,-0.05045,0.03695,0.00018,
1548074863184480768,-0.01441,-0.84942,-0.00809,0.73750,-0.13578,-0.64724,-0.13689,-0.05653,0.04051,-0.00017,
1548074863284410624,-0.01165,-0.84493,-0.00845,0.73790,-0.13397,-0.64753,-0.13510,-0.05823,0.04193,0.00012,
1548074863384330752,-0.00924,-0.84036,-0.00888,0.73828,-0.13221,-0.64782,-0.13338,-0.06398,0.04391,-0.00007,
1548074863484250880,-0.00664,-0.83590,-0.00929,0.73865,-0.13049,-0.64810,-0.13168,-0.06586,0.04506,0.00024,
1548074863584170496,-0.00429,-0.83158,-0.00967,0.73900,-0.12881,-0.64836,-0.13005,-0.06982,0.04738,0.00025,
1548074863684090624,-0.00202,-0.82732,-0.01005,0.73934,-0.12718,-0.64862,-0.12845,-0.07237,0.04856,0.00061,
1548074863784010752,0.00005,-0.82320,-0.01050,0.73969,-0.12560,-0.64882,-0.12690,-0.07503,0.04893,-0.00171,
1548074863883930624,0.00199,-0.81913,-0.01092,0.73999,-0.12413,-0.64905,-0.12544,-0.07436,0.05135,-0.00045,
1548074863983850752,0.00390,-0.81521,-0.01133,0.74035,-0.12266,-0.64919,-0.12402,-0.08275,0.05253,-0.00117,
1548074864083770624,0.00501,-0.81107,-0.01183,0.74125,-0.12080,-0.64887,-0.12221,-0.10657,0.05799,-0.00179,
1548074864183700480,-0.00100,-0.80478,-0.01128,0.74204,-0.12044,-0.64796,-0.12256,-0.20478,0.10123,0.01033,
1548074864283620608,-0.02185,-0.79099,-0.00942,0.74238,-0.11865,-0.64828,-0.12054,-0.34942,0.16532,0.02400,
1548074864383540736,-0.05860,-0.77130,-0.00639,0.74214,-0.11798,-0.64888,-0.11939,-0.45763,0.20827,0.03057,
1548074864483460608,-0.10612,-0.74671,-0.00339,0.74151,-0.11750,-0.65000,-0.11770,-0.50186,0.23114,0.03732,
1548074864583380736,-0.15492,-0.72221,-0.00023,0.74091,-0.11620,-0.65146,-0.11468,-0.44126,0.20605,0.03960,
1548074864683300608,-0.19781,-0.70102,0.00394,0.74130,-0.11689,-0.65093,-0.11443,-0.45253,0.20387,0.03889,
1548074864783220480,-0.24531,-0.67820,0.01068,0.74155,-0.11622,-0.65099,-0.11316,-0.49080,0.19530,0.04144,
1548074864883140608,-0.29241,-0.65786,0.01388,0.74150,-0.11468,-0.65139,-0.11282,-0.49773,0.20140,0.04010,
1548074864983060480,-0.33932,-0.63874,0.01746,0.74112,-0.11291,-0.65215,-0.11263,-0.48301,0.16461,0.03695,
1548074865082990592,-0.38269,-0.61871,0.02414,0.74126,-0.10988,-0.65271,-0.11146,-0.46916,0.17733,0.02832,
1548074865182910720,-0.42347,-0.60235,0.02539,0.73966,-0.10820,-0.65512,-0.10961,-0.44959,0.17276,0.02737,
1548074865282830592,-0.45568,-0.59058,0.02849,0.74115,-0.10609,-0.65376,-0.10974,-0.33602,0.11553,0.03155,
1548074865382750464,-0.48805,-0.57820,0.03214,0.74121,-0.10471,-0.65405,-0.10892,-0.41611,0.16781,0.03276,
1548074865482670592,-0.52920,-0.56129,0.03425,0.74019,-0.10382,-0.65566,-0.10697,-0.50044,0.18700,0.02800,
1548074865582590464,-0.58120,-0.54087,0.03632,0.73828,-0.10355,-0.65811,-0.10542,-0.59930,0.23882,0.02737,
1548074865682510592,-0.64146,-0.51720,0.03827,0.73595,-0.10371,-0.66095,-0.10377,-0.63152,0.24227,0.02669,
1548074865782430720,-0.70064,-0.49458,0.03930,0.73374,-0.10410,-0.66340,-0.10333,-0.64163,0.22638,0.02001,
1548074865882360576,-0.76470,-0.47298,0.04098,0.73139,-0.10343,-0.66612,-0.10321,-0.60951,0.20794,0.01890,
1548074865982280448,-0.82500,-0.45465,0.03924,0.72936,-0.10211,-0.66860,-0.10287,-0.62369,0.21349,0.00244,
1548074866082200576,-0.88515,-0.43551,0.04046,0.72695,-0.10171,-0.67142,-0.10197,-0.58958,0.20444,0.00785,
1548074866182120448,-0.93934,-0.41679,0.03980,0.72516,-0.10153,-0.67357,-0.10066,-0.54157,0.20308,0.00797,
1548074866282040576,-0.99246,-0.39859,0.04133,0.72341,-0.10155,-0.67565,-0.09933,-0.52457,0.19247,0.01673,
1548074866381960704,-1.04050,-0.38066,0.04076,0.72267,-0.10134,-0.67680,-0.09713,-0.51047,0.20690,0.00776,
1548074866481880576,-1.09346,-0.36157,0.04297,0.72151,-0.10195,-0.67818,-0.09546,-0.56178,0.20995,0.01317,
1548074866581800704,-1.14679,-0.34488,0.04285,0.71948,-0.10193,-0.68050,-0.09427,-0.55713,0.18492,0.00774,
1548074866681720576,-1.20329,-0.32822,0.04312,0.72022,-0.10091,-0.67989,-0.09411,-0.62445,0.19336,0.01444,
1548074866781640448,-1.26086,-0.31140,0.04570,0.71551,-0.10057,-0.68474,-0.09527,-0.51292,0.11739,0.02235,
1548074866881570560,-1.31463,-0.29984,0.04907,0.71416,-0.09693,-0.68682,-0.09412,-0.47389,0.18678,-0.00152,
1548074866981490688,-1.36319,-0.28437,0.04488,0.71429,-0.09688,-0.68666,-0.09432,-0.49280,0.13684,0.00018,
1548074867081410560,-1.41425,-0.26926,0.04548,0.71410,-0.09503,-0.68733,-0.09281,-0.47077,0.19268,0.00845,
1548074867181330688,-1.46234,-0.25448,0.04626,0.71455,-0.09467,-0.68696,-0.09244,-0.45442,0.13620,0.00163,
1548074867281250560,-1.50962,-0.23871,0.04204,0.71553,-0.09333,-0.68618,-0.09202,-0.42466,0.15733,0.00204,
1548074867381170432,-1.55326,-0.22548,0.04267,0.71586,-0.09216,-0.68600,-0.09196,-0.43949,0.12869,-0.00454,
1548074867481090560,-1.59999,-0.21278,0.04068,0.71632,-0.09088,-0.68565,-0.09221,-0.45356,0.15140,-0.00997,
1548074867581020672,-1.64785,-0.19916,0.03918,0.71682,-0.08992,-0.68536,-0.09146,-0.45919,0.15830,-0.00934,
1548074867680940544,-1.69801,-0.18265,0.03580,0.71656,-0.09005,-0.68562,-0.09140,-0.42879,0.15697,-0.00693,
1548074867780860672,-1.74159,-0.16849,0.03580,0.71633,-0.08952,-0.68610,-0.09010,-0.41857,0.15920,-0.00591,
1548074867880780544,-1.78693,-0.15366,0.03510,0.71579,-0.08996,-0.68677,-0.08891,-0.40957,0.15872,-0.00068,
1548074867980700416,-1.83161,-0.14084,0.03297,0.71588,-0.08978,-0.68679,-0.08818,-0.38257,0.13458,-0.00158,
1548074868080620544,-1.87263,-0.12764,0.03385,0.71593,-0.08958,-0.68687,-0.08740,-0.36820,0.14578,-0.00903,
1548074868180540672,-1.91352,-0.11687,0.03395,0.71605,-0.08935,-0.68679,-0.08723,-0.31337,0.10076,-0.00596,
1548074868280460544,-1.95062,-0.10677,0.03249,0.71621,-0.08879,-0.68672,-0.08702,-0.22048,0.07856,-0.00471,
1548074868380380672,-1.97373,-0.10319,0.03139,0.71705,-0.08797,-0.68593,-0.08720,-0.19610,0.06851,-0.01070,
1548074868480310528,-1.99623,-0.10016,0.03147,0.71657,-0.08715,-0.68661,-0.08656,-0.19037,0.06515,-0.01628,
1548074868580230400,-2.01925,-0.09873,0.03243,0.71537,-0.08600,-0.68814,-0.08552,-0.18373,0.07082,-0.01306,
1548074868680150528,-2.04296,-0.09452,0.03384,0.71406,-0.08536,-0.68986,-0.08323,-0.19717,0.08751,-0.00943,
1548074868780070656,-2.06511,-0.08931,0.03502,0.71333,-0.08387,-0.69112,-0.08054,-0.16019,0.06675,0.00141,
1548074868879990528,-2.08346,-0.08721,0.03385,0.71280,-0.08556,-0.69130,-0.08184,-0.09135,0.04110,0.00418,
1548074868979910656,-2.09214,-0.08755,0.03400,0.71299,-0.08367,-0.69155,-0.08002,-0.04020,0.01913,0.00206,
1548074869079830528,-2.09761,-0.09106,0.03423,0.71301,-0.08263,-0.69175,-0.07914,0.00733,0.00919,0.00165,
1548074869179750400,-2.09875,-0.09640,0.03409,0.71327,-0.08092,-0.69185,-0.07767,0.03585,-0.00157,0.00047,
1548074869279670528,-2.09763,-0.10149,0.03386,0.71346,-0.07971,-0.69191,-0.07663,0.04829,-0.00555,0.00032,
1548074869379600640,-2.09623,-0.10654,0.03378,0.71358,-0.07855,-0.69203,-0.07566,0.04891,-0.00643,0.00133,
1548074869479520512,-2.09474,-0.11109,0.03390,0.71363,-0.07736,-0.69223,-0.07462,0.05299,-0.00985,0.00266,
1548074869579440640,-2.09379,-0.11546,0.03401,0.71379,-0.07614,-0.69231,-0.07361,0.04242,-0.00536,0.00199,
1548074869679360512,-2.09477,-0.11874,0.03424,0.71431,-0.07446,-0.69212,-0.07201,0.01211,-0.00106,0.00319,
1548074869779280384,-2.10463,-0.11868,0.03452,0.71543,-0.07271,-0.69131,-0.07045,-0.13934,0.04306,0.00525,
1548074869879200512,-2.13315,-0.11422,0.03531,0.71433,-0.07252,-0.69256,-0.06949,-0.29135,0.09136,-0.00514,
1548074869979120384,-2.17724,-0.10415,0.03685,0.71138,-0.07236,-0.69582,-0.06742,-0.42736,0.10674,-0.00802,
1548074870079040512,-2.23514,-0.09296,0.03975,0.70712,-0.07172,-0.70027,-0.06672,-0.49696,0.10333,-0.00376,
1548074870178970624,-2.29874,-0.08254,0.04341,0.70239,-0.07044,-0.70525,-0.06563,-0.49333,0.10358,-0.01097,
1548074870278890496,-2.34965,-0.07423,0.04060,0.69810,-0.06952,-0.70970,-0.06439,-0.37292,0.09507,-0.00359,
1548074870378810368,-2.38761,-0.07062,0.04401,0.69595,-0.06797,-0.71209,-0.06296,-0.37467,0.08919,0.01013,
1548074870478730496,-2.42512,-0.07033,0.04138,0.69478,-0.06526,-0.71365,-0.06096,-0.34925,0.09546,0.00520,
1548074870578650368,-2.46037,-0.07491,0.04412,0.69354,-0.06187,-0.71543,-0.05776,-0.30422,0.07760,0.00271,
1548074870678570496,-2.49465,-0.07632,0.04604,0.69229,-0.05927,-0.71706,-0.05516,-0.27476,0.07178,0.00004,
1548074870778490624,-2.52697,-0.07916,0.04180,0.69151,-0.05611,-0.71827,-0.05253,-0.26739,0.06886,-0.00027,
1548074870878410496,-2.55734,-0.08800,0.04327,0.69041,-0.05199,-0.71990,-0.04873,-0.24696,0.04987,0.01393,
1548074870978330368,-2.57998,-0.09983,0.04397,0.68917,-0.05193,-0.72097,-0.05050,-0.06327,0.04778,-0.00324,
1548074871078250496,-2.58733,-0.11077,0.04445,0.68938,-0.04735,-0.72140,-0.04573,0.05173,0.00281,0.00190,
1548074871178180352,-2.58623,-0.12105,0.04398,0.69034,-0.04294,-0.72103,-0.04120,0.04006,0.01230,0.01255,
1548074871278100480,-2.58846,-0.12934,0.04356,0.69067,-0.04078,-0.72094,-0.03936,-0.00848,0.01105,0.00435,
1548074871378020608,-2.59312,-0.13396,0.04335,0.69061,-0.03970,-0.72110,-0.03865,-0.00664,0.01395,0.00168,
1548074871477940480,-2.59542,-0.13723,0.04318,0.69072,-0.03888,-0.72107,-0.03803,0.01971,0.00869,0.00201,
1548074871577860352,-2.59596,-0.13874,0.04302,0.69094,-0.03822,-0.72093,-0.03735,0.01477,0.00597,0.00045,
1548074871677780480,-2.59735,-0.13906,0.04300,0.69096,-0.03822,-0.72091,-0.03744,0.01040,0.00832,-0.00044,
1548074871777700352,-2.59817,-0.13840,0.04293,0.69101,-0.03841,-0.72084,-0.03768,0.02192,0.00642,-0.00182,
1548074871877620480,-2.59844,-0.13734,0.04288,0.69108,-0.03863,-0.72076,-0.03784,0.02060,0.00559,-0.00234,
1548074871977550592,-2.59905,-0.13628,0.04294,0.69108,-0.03899,-0.72071,-0.03822,0.02054,0.00519,-0.00247,
1548074872077470464,-2.59930,-0.13497,0.04297,0.69111,-0.03940,-0.72064,-0.03857,0.02576,0.00302,-0.00312,
1548074872177390336,-2.59932,-0.13314,0.04302,0.69113,-0.03992,-0.72057,-0.03903,0.02569,0.00311,-0.00388,
1548074872277310464,-2.59953,-0.13171,0.04303,0.69114,-0.04033,-0.72052,-0.03942,0.02890,0.00267,-0.00425,
1548074872377230336,-2.59956,-0.13020,0.04307,0.69115,-0.04074,-0.72046,-0.03980,0.03051,0.00156,-0.00454,
1548074872477150464,-2.59957,-0.12856,0.04313,0.69115,-0.04122,-0.72041,-0.04024,0.03241,0.00083,-0.00484,
1548074872577070592,-2.59940,-0.12669,0.04325,0.69115,-0.04174,-0.72036,-0.04070,0.03456,0.00084,-0.00516,
1548074872676990464,-2.59919,-0.12481,0.04341,0.69114,-0.04230,-0.72030,-0.04121,0.03632,-0.00018,-0.00548,
1548074872776920320,-2.59893,-0.12276,0.04360,0.69113,-0.04289,-0.72025,-0.04173,0.03823,-0.00049,-0.00560,
1548074872876840448,-2.59868,-0.12053,0.04368,0.69113,-0.04348,-0.72018,-0.04228,0.04001,-0.00018,-0.00592,
1548074872976760320,-2.59836,-0.11830,0.04376,0.69113,-0.04410,-0.72012,-0.04284,0.04150,-0.00107,-0.00543,
1548074873076680448,-2.59804,-0.11608,0.04391,0.69110,-0.04475,-0.72006,-0.04342,0.04307,-0.00191,-0.00576,
1548074873176600576,-2.59766,-0.11379,0.04396,0.69110,-0.04541,-0.71999,-0.04402,0.04426,-0.00244,-0.00624,
1548074873276520448,-2.59720,-0.11146,0.04400,0.69106,-0.04608,-0.71994,-0.04465,0.04485,-0.00378,-0.00741,
1548074873376440576,-2.59678,-0.10906,0.04412,0.69085,-0.04693,-0.72004,-0.04548,0.05578,-0.00042,-0.00635,
1548074873476360448,-2.59410,-0.10690,0.04467,0.69048,-0.04817,-0.72024,-0.04659,0.11957,-0.01751,-0.00047,
1548074873576280320,-2.58530,-0.10569,0.04457,0.69107,-0.04910,-0.71957,-0.04730,0.14178,-0.03157,-0.00436,
1548074873676210432,-2.56812,-0.10568,0.04440,0.69194,-0.04972,-0.71865,-0.04795,0.23875,-0.03240,0.00092,
1548074873776130560,-2.54175,-0.10839,0.04576,0.69279,-0.05022,-0.71776,-0.04847,0.34891,-0.05254,-0.00122,
1548074873876050432,-2.50698,-0.11298,0.04608,0.69438,-0.05094,-0.71611,-0.04929,0.38045,-0.06995,0.00024,
1548074873975970560,-2.46543,-0.11805,0.04666,0.69606,-0.05197,-0.71434,-0.05014,0.43994,-0.07164,0.00290,
1548074874075890176,-2.41809,-0.12410,0.04792,0.69778,-0.05305,-0.71250,-0.05126,0.48599,-0.08158,0.00402,
1548074874175810304,-2.36722,-0.12938,0.04846,0.70083,-0.05372,-0.70947,-0.05113,0.50998,-0.08975,-0.00518,
1548074874275730432,-2.31985,-0.13607,0.05066,0.70313,-0.05396,-0.70719,-0.05078,0.45311,-0.06556,-0.00284,
1548074874375650304,-2.27110,-0.13899,0.04609,0.70622,-0.05541,-0.70392,-0.05178,0.47567,-0.08541,0.00296,
1548074874475570432,-2.21806,-0.14487,0.04551,0.70951,-0.05721,-0.70034,-0.05330,0.55897,-0.10210,-0.00337,
1548074874575500544,-2.16044,-0.15390,0.04509,0.71299,-0.05751,-0.69666,-0.05473,0.57236,-0.13460,-0.01092,
1548074874675420160,-2.10141,-0.16705,0.04249,0.71538,-0.05769,-0.69404,-0.05677,0.53679,-0.11023,-0.02757,
1548074874775340288,-2.04660,-0.17956,0.04113,0.71761,-0.05644,-0.69174,-0.05784,0.54691,-0.14537,0.02506,
1548074874875260416,-1.99795,-0.19286,0.04291,0.71840,-0.05884,-0.69048,-0.06060,0.47906,-0.07978,-0.01821,
1548074874975180288,-1.95210,-0.20129,0.04280,0.71811,-0.05906,-0.69085,-0.05957,0.47622,-0.11707,-0.01207,
1548074875075100416,-1.90609,-0.21305,0.04311,0.71761,-0.05964,-0.69125,-0.06049,0.48068,-0.11316,-0.00802,
1548074875175020544,-1.85739,-0.22645,0.04292,0.71721,-0.05960,-0.69163,-0.06083,0.49927,-0.11783,-0.00405,
1548074875274940160,-1.80918,-0.23895,0.04284,0.71727,-0.05949,-0.69150,-0.06169,0.50217,-0.13357,0.00215,
1548074875374860288,-1.76150,-0.25190,0.04305,0.71782,-0.05874,-0.69094,-0.06233,0.48695,-0.12441,-0.00042,
1548074875474790400,-1.71310,-0.26418,0.04273,0.71806,-0.05871,-0.69064,-0.06291,0.51128,-0.11957,0.00540,
1548074875574710272,-1.66534,-0.27665,0.04236,0.71840,-0.05795,-0.69043,-0.06211,0.50892,-0.12348,0.00445,
1548074875674630400,-1.61716,-0.28747,0.04381,0.71793,-0.05824,-0.69091,-0.06183,0.47653,-0.10000,0.01711,
1548074875774550528,-1.57067,-0.29658,0.04550,0.71753,-0.05855,-0.69140,-0.06082,0.48305,-0.10236,0.00783,
1548074875874470144,-1.53278,-0.31144,0.05086,0.71632,-0.06262,-0.69202,-0.06382,0.49662,-0.10467,0.01263,
1548074875974390272,-1.48299,-0.32049,0.05207,0.71614,-0.06152,-0.69244,-0.06232,0.50029,-0.12094,0.00939,
1548074876074310400,-1.42975,-0.32886,0.05188,0.71654,-0.05992,-0.69230,-0.06076,0.51594,-0.12071,0.00758,
1548074876174230272,-1.37986,-0.33649,0.05190,0.71679,-0.05866,-0.69227,-0.05942,0.51043,-0.10166,0.00795,
1548074876274160384,-1.33360,-0.33284,0.05805,0.71731,-0.05508,-0.69240,-0.05496,0.48171,-0.09141,0.01440,
1548074876374080512,-1.28569,-0.34467,0.05653,0.71811,-0.05722,-0.69132,-0.05584,0.50948,-0.07720,-0.00446,
1548074876474000384,-1.22860,-0.34977,0.04877,0.72285,-0.05783,-0.68652,-0.05329,0.61290,-0.13374,-0.04396,
1548074876573920256,-1.17685,-0.35463,0.05915,0.72269,-0.05584,-0.68696,-0.05187,0.49037,-0.09502,0.00294,
1548074876673840384,-1.12318,-0.36584,0.05349,0.72489,-0.05641,-0.68456,-0.05223,0.55065,-0.11927,-0.03569,
1548074876773760256,-1.06333,-0.36308,0.05740,0.72637,-0.04991,-0.68379,-0.04825,0.53956,-0.13557,-0.04096,
1548074876873680384,-1.00820,-0.37961,0.05134,0.72874,-0.05053,-0.68102,-0.05104,0.55270,-0.12011,-0.03072,
1548074876973600512,-0.94396,-0.37200,0.05397,0.73143,-0.04330,-0.67905,-0.04500,0.56512,-0.11078,-0.01846,
1548074877073520384,-0.88649,-0.38037,0.05036,0.73419,-0.04316,-0.67606,-0.04516,0.55000,-0.09088,-0.01196,
1548074877173440256,-0.82849,-0.38866,0.05822,0.73625,-0.04250,-0.67394,-0.04393,0.51417,-0.08253,0.00601,
1548074877273370368,-0.77720,-0.39098,0.05710,0.73808,-0.04209,-0.67209,-0.04202,0.47278,-0.07639,-0.00892,
1548074877373290240,-0.72663,-0.40029,0.05764,0.73930,-0.04182,-0.67078,-0.04180,0.44677,-0.07710,-0.00538,
1548074877473210368,-0.70735,-0.58767,0.02352,0.73592,-0.08999,-0.66423,-0.09556,0.38418,-0.13569,-0.01033,
1548074877573130496,-0.66595,-0.60229,0.02423,0.73697,-0.08865,-0.66327,-0.09536,0.36602,-0.12169,-0.00982,
1548074877673050368,-0.62917,-0.61331,0.02159,0.73878,-0.08784,-0.66135,-0.09541,0.34908,-0.13061,-0.01303,
1548074877772970240,-0.59228,-0.62583,0.01788,0.74052,-0.08680,-0.65952,-0.09556,0.35262,-0.11910,-0.01490,
1548074877872890112,-0.55213,-0.64181,0.01747,0.74165,-0.08695,-0.65814,-0.09614,0.33421,-0.11400,-0.01875,
1548074877972810240,-0.51766,-0.65158,0.01213,0.74222,-0.08693,-0.65759,-0.09554,0.29214,-0.07795,-0.03166,
1548074878072740352,-0.48123,-0.66227,0.00637,0.74167,-0.08733,-0.65831,-0.09449,0.40023,-0.12253,-0.01852,
1548074878172660224,-0.43693,-0.67695,0.00972,0.74308,-0.08795,-0.65659,-0.09473,0.31182,-0.09320,-0.02554,
1548074878272580352,-0.40179,-0.68261,0.00702,0.74368,-0.08744,-0.65633,-0.09235,0.28187,-0.07266,-0.02460,
1548074878372500224,-0.36517,-0.68917,0.00249,0.74414,-0.08706,-0.65610,-0.09063,0.28572,-0.08584,-0.01406,
1548074878472420096,-0.32298,-0.69160,0.00095,0.74424,-0.08444,-0.65681,-0.08709,0.30242,-0.08316,-0.02262,
1548074878572340224,-0.28676,-0.69652,-0.00277,0.74429,-0.08242,-0.65734,-0.08457,0.29602,-0.09512,-0.02577,
1548074878672260352,-0.24854,-0.70387,-0.00723,0.74436,-0.08022,-0.65769,-0.08335,0.30570,-0.10325,-0.02456,
1548074878772180224,-0.20810,-0.71093,-0.01187,0.74495,-0.07765,-0.65752,-0.08181,0.32126,-0.10609,-0.02667,
1548074878872110336,-0.16148,-0.71988,-0.01390,0.74539,-0.07461,-0.65760,-0.07997,0.35521,-0.11578,-0.02164,
1548074878972030208,-0.12411,-0.72648,-0.01751,0.74617,-0.07290,-0.65699,-0.07924,0.32791,-0.10283,-0.02012,
1548074879071950080,-0.08771,-0.73326,-0.02134,0.74629,-0.07101,-0.65725,-0.07765,0.31733,-0.09000,-0.02262,
1548074879171870208,-0.04096,-0.74362,-0.02191,0.74663,-0.06899,-0.65733,-0.07555,0.32058,-0.09018,-0.01952,
1548074879271790336,-0.01621,-0.74641,-0.02189,0.74834,-0.06657,-0.65586,-0.07349,-0.01900,-0.01111,-0.02117,
1548074879371710208,-0.02238,-0.74062,-0.02419,0.74741,-0.06459,-0.65735,-0.07132,-0.13891,0.03140,0.00758,
1548074879471630336,-0.02075,-0.73550,-0.02433,0.74753,-0.06291,-0.65759,-0.06933,-0.00534,-0.01009,-0.00756,
1548074879571550464,-0.01046,-0.73296,-0.02512,0.74774,-0.06145,-0.65763,-0.06806,0.08709,-0.01429,-0.01138,
1548074879671470080,0.00038,-0.73079,-0.02549,0.74866,-0.05963,-0.65694,-0.06626,-0.02576,0.00473,-0.01113,
1548074879771400192,-0.00133,-0.72582,-0.02620,0.74807,-0.05805,-0.65791,-0.06461,-0.04057,0.01253,-0.00265,
1548074879871320320,0.00309,-0.72182,-0.02648,0.74841,-0.05658,-0.65779,-0.06317,0.01630,0.00161,0.00284,
1548074879971240192,0.00607,-0.71804,-0.02690,0.74873,-0.05521,-0.65767,-0.06182,-0.05192,0.01451,-0.00209,
1548074880071160320,0.00716,-0.71405,-0.02750,0.74873,-0.05375,-0.65792,-0.06038,-0.01629,0.01259,0.00108,
1548074880171080448,0.01001,-0.71035,-0.02804,0.74903,-0.05237,-0.65782,-0.05897,-0.03588,0.01497,-0.00022,
1548074880271000064,0.01137,-0.70662,-0.02850,0.74906,-0.05106,-0.65801,-0.05765,-0.03500,0.01716,0.00075,
1548074880370920192,0.01356,-0.70202,-0.02885,0.74930,-0.04944,-0.65800,-0.05606,-0.03733,0.01818,0.00053,
1548074880470840320,0.01508,-0.69753,-0.02933,0.74942,-0.04791,-0.65811,-0.05452,-0.04317,0.01972,0.00070,
1548074880570760192,0.01647,-0.69441,-0.02980,0.74957,-0.04680,-0.65810,-0.05343,-0.04399,0.02140,0.00151,
1548074880670690304,0.01751,-0.69144,-0.03025,0.74968,-0.04575,-0.65814,-0.05239,-0.04807,0.02238,0.00167,
1548074880770610432,0.01862,-0.68859,-0.03073,0.74979,-0.04474,-0.65815,-0.05139,-0.05011,0.02333,0.00201,
1548074880870530048,0.01939,-0.68591,-0.03121,0.74990,-0.04380,-0.65816,-0.05044,-0.05297,0.02474,0.00240,
1548074880970450176,0.02020,-0.68329,-0.03157,0.75000,-0.04291,-0.65818,-0.04957,-0.05505,0.02481,0.00243,
1548074881070370304,0.02110,-0.68011,-0.03179,0.75010,-0.04180,-0.65822,-0.04847,-0.05691,0.02538,0.00276,
1548074881170290176,0.02156,-0.67790,-0.03230,0.75020,-0.04103,-0.65821,-0.04770,-0.05934,0.02614,0.00265,
1548074881270210304,0.02195,-0.67592,-0.03282,0.75029,-0.04031,-0.65820,-0.04698,-0.06125,0.02674,0.00294,
1548074881370130176,0.02246,-0.67334,-0.03311,0.75037,-0.03941,-0.65822,-0.04609,-0.06295,0.02715,0.00314,
1548074881470050048,0.02264,-0.67141,-0.03356,0.75046,-0.03878,-0.65821,-0.04546,-0.06415,0.02766,0.00322,
1548074881569980160,0.02292,-0.66967,-0.03394,0.75052,-0.03819,-0.65821,-0.04487,-0.06548,0.02847,0.00306,
1548074881669900288,0.02339,-0.66758,-0.03404,0.75058,-0.03747,-0.65823,-0.04418,-0.06696,0.02802,0.00327,
1548074881769820160,0.02335,-0.66600,-0.03447,0.75065,-0.03696,-0.65821,-0.04368,-0.06764,0.02887,0.00283,
1548074881869740288,0.02352,-0.66477,-0.03481,0.75071,-0.03651,-0.65821,-0.04323,-0.06883,0.02938,0.00317,
1548074881969660160,0.02331,-0.66366,-0.03515,0.75076,-0.03610,-0.65819,-0.04281,-0.06974,0.02897,0.00336,
1548074882069580032,0.02317,-0.66255,-0.03543,0.75081,-0.03572,-0.65818,-0.04242,-0.07023,0.02967,0.00350,
1548074882169510144,0.02319,-0.66144,-0.03563,0.75085,-0.03537,-0.65818,-0.04207,-0.07083,0.03044,0.00373,
1548074882269420032,0.02331,-0.66037,-0.03580,0.75089,-0.03505,-0.65817,-0.04175,-0.07153,0.03043,0.00425,
1548074882369350144,0.02321,-0.65931,-0.03591,0.75092,-0.03468,-0.65818,-0.04138,-0.07191,0.03068,0.00457,
1548074882469270272,0.02291,-0.65855,-0.03615,0.75096,-0.03442,-0.65816,-0.04114,-0.07217,0.03105,0.00447,
1548074882569190144,0.02280,-0.65768,-0.03617,0.75098,-0.03412,-0.65817,-0.04083,-0.07284,0.03138,0.00450,
1548074882669110272,0.02253,-0.65691,-0.03641,0.75102,-0.03386,-0.65816,-0.04056,-0.07321,0.03177,0.00475,
1548074882769030144,0.02227,-0.65623,-0.03665,0.75105,-0.03364,-0.65815,-0.04034,-0.07376,0.03232,0.00472,
1548074882868950016,0.02200,-0.65572,-0.03681,0.75107,-0.03345,-0.65815,-0.04016,-0.07431,0.03211,0.00496,
1548074882968870144,0.02170,-0.65532,-0.03701,0.75110,-0.03334,-0.65813,-0.04004,-0.07453,0.03257,0.00488,
1548074883068790272,0.02141,-0.65501,-0.03712,0.75111,-0.03323,-0.65813,-0.03995,-0.07492,0.03319,0.00512,
1548074883168710144,0.02116,-0.65471,-0.03722,0.75113,-0.03315,-0.65812,-0.03987,-0.07471,0.03321,0.00534,
1548074883268630272,0.02096,-0.65436,-0.03723,0.75114,-0.03309,-0.65811,-0.03979,-0.07517,0.03249,0.00455,
1548074883368560128,0.02067,-0.65421,-0.03722,0.75117,-0.03307,-0.65807,-0.03980,-0.07439,0.03376,0.00495,
1548074883468480000,0.02027,-0.65420,-0.03716,0.75122,-0.03304,-0.65803,-0.03978,-0.07678,0.03354,0.00589,
1548074883568400128,0.01941,-0.65404,-0.03743,0.75148,-0.03298,-0.65773,-0.03979,-0.08366,0.03733,0.00406,
1548074883668320256,0.01393,-0.65374,-0.03752,0.75284,-0.03320,-0.65613,-0.04015,-0.21329,0.05056,0.01479,
1548074883768240128,-0.00667,-0.64945,-0.03524,0.75044,-0.03385,-0.65882,-0.04067,-0.18553,0.04984,0.01374,
1548074883868160256,-0.02108,-0.64594,-0.03499,0.75305,-0.03207,-0.65602,-0.03901,-0.28087,0.07335,0.02106,
1548074883968080128,-0.05417,-0.64075,-0.03119,0.75297,-0.03296,-0.65605,-0.03926,-0.48217,0.09544,0.03663,
1548074884068009984,-0.10822,-0.62881,-0.02583,0.75150,-0.03306,-0.65780,-0.03814,-0.60284,0.13818,0.05985,
1548074884167930112,-0.16864,-0.61587,-0.01974,0.75096,-0.03335,-0.65849,-0.03666,-0.59276,0.14282,0.06402,
1548074884267850240,-0.23177,-0.60258,-0.01442,0.75102,-0.03406,-0.65841,-0.03599,-0.61242,0.10935,0.06105,
1548074884367770112,-0.29539,-0.59206,-0.00933,0.75074,-0.03381,-0.65869,-0.03691,-0.60604,0.09538,0.05022,
1548074884467690240,-0.35363,-0.58612,0.00159,0.75036,-0.03278,-0.65908,-0.03877,-0.62551,0.09339,0.04899,
1548074884567610112,-0.41954,-0.57686,0.00547,0.74868,-0.03234,-0.66097,-0.03931,-0.74040,0.12137,0.02894,
1548074884667529984,-0.47871,-0.56900,0.01376,0.75003,-0.03014,-0.65954,-0.03936,-0.63766,0.08181,0.05885,
1548074884767450112,-0.54648,-0.55672,0.01762,0.74679,-0.02987,-0.66328,-0.03837,-0.66809,0.13266,0.06788,
1548074884867370240,-0.61718,-0.54355,0.02151,0.74381,-0.02976,-0.66668,-0.03726,-0.72427,0.12136,0.04765,
1548074884967300096,-0.72920,-0.62214,0.04200,0.73826,-0.06948,-0.66614,-0.08005,-0.68566,0.21640,0.03708,
1548074885067220224,-0.79623,-0.60299,0.04480,0.73605,-0.07034,-0.66843,-0.08050,-0.69032,0.20140,0.03369,
1548074885167140096,-0.86610,-0.58367,0.04306,0.73381,-0.06942,-0.67102,-0.08022,-0.72965,0.19547,0.01507,
1548074885267059968,-0.93872,-0.56563,0.04531,0.73082,-0.06909,-0.67427,-0.08059,-0.71335,0.19986,0.02701,
1548074885366980096,-1.00676,-0.54655,0.04370,0.72846,-0.06918,-0.67696,-0.07932,-0.69256,0.21101,0.02423,
1548074885466900224,-1.07487,-0.52633,0.04615,0.72593,-0.06987,-0.67967,-0.07860,-0.66442,0.21189,0.03151,
1548074885566820096,-1.13813,-0.50636,0.04392,0.72502,-0.07066,-0.68085,-0.07616,-0.64838,0.21927,0.00934,
1548074885666740224,-1.20379,-0.48673,0.04845,0.72238,-0.07185,-0.68359,-0.07558,-0.67360,0.18009,0.02431,
1548074885766660096,-1.26573,-0.47146,0.04549,0.72377,-0.07174,-0.68210,-0.07581,-0.68978,0.15193,-0.00813,
1548074885866589952,-1.33861,-0.45784,0.05278,0.71788,-0.07107,-0.68810,-0.07817,-0.72064,0.12692,0.03118,
1548074885966510080,-1.40062,-0.44462,0.04934,0.71743,-0.06877,-0.68892,-0.07719,-0.68557,0.19933,0.00322,
1548074886066430208,-1.46143,-0.42250,0.04580,0.71705,-0.06898,-0.68925,-0.07756,-0.63509,0.15765,-0.00425,
1548074886166350080,-1.52549,-0.40556,0.04808,0.71688,-0.06863,-0.68953,-0.07693,-0.59064,0.16802,0.00769,
1548074886266270208,-1.57950,-0.39283,0.04362,0.71777,-0.06805,-0.68862,-0.07729,-0.54434,0.13886,0.00177,
1548074886366190080,-1.63377,-0.37768,0.04353,0.71822,-0.06691,-0.68824,-0.07751,-0.51980,0.13753,0.00403,
1548074886466109952,-1.68744,-0.36316,0.04308,0.71906,-0.06577,-0.68747,-0.07751,-0.49859,0.15006,0.00117,
1548074886566030080,-1.73906,-0.34940,0.03838,0.71937,-0.06581,-0.68719,-0.07706,-0.52042,0.14412,-0.00304,
1548074886665949952,-1.79255,-0.33447,0.03763,0.71910,-0.06530,-0.68761,-0.07636,-0.52452,0.16545,-0.01791,
1548074886765880064,-1.84903,-0.31777,0.03724,0.71808,-0.06605,-0.68872,-0.07524,-0.51688,0.15559,-0.02770,
1548074886865800192,-1.90648,-0.30325,0.03344,0.71810,-0.06627,-0.68872,-0.07487,-0.50465,0.16236,-0.02047,
1548074886965720064,-1.95992,-0.28907,0.03285,0.71875,-0.06575,-0.68821,-0.07373,-0.50026,0.13973,-0.01686,
1548074887065639936,-2.01539,-0.27837,0.03204,0.71976,-0.06471,-0.68721,-0.07419,-0.49884,0.13904,-0.02242,
1548074887165560064,-2.07354,-0.26598,0.02716,0.71835,-0.06369,-0.68891,-0.07301,-0.64002,0.18046,-0.07336,
1548074887265479936,-2.13444,-0.25159,0.02837,0.71476,-0.06363,-0.69295,-0.06997,-0.47763,0.16424,0.01707,
1548074887365400064,-2.19296,-0.24383,0.03104,0.71121,-0.06293,-0.69684,-0.06803,-0.50246,0.14019,-0.02584,
1548074887465320192,-2.24957,-0.24074,0.03085,0.70921,-0.05981,-0.69950,-0.06438,-0.46484,0.11048,-0.01930,
1548074887465320192,-2.28739,-0.40562,0.04892,0.70770,0.03837,-0.70467,0.03353,-0.40809,-0.00544,-0.01089,
1548074887565240064,-2.28739,-0.40562,0.04892,0.70770,0.03837,-0.70467,0.03353,-0.40809,-0.00544,-0.01089,
1548074887665169920,-2.33487,-0.42190,0.04888,0.70458,0.04310,-0.70735,0.03692,-0.37151,-0.03212,-0.00483,
1548074887765090048,-2.37192,-0.43953,0.05252,0.70177,0.04873,-0.70954,0.04131,-0.35763,-0.00805,0.00816,
1548074887865009920,-2.40796,-0.46082,0.05405,0.69977,0.05430,-0.71086,0.04525,-0.31680,-0.02455,0.00716,
1548074887964930048,-2.45330,-0.48091,0.05190,0.69845,0.05967,-0.71143,0.04978,-0.26557,-0.01456,0.00441,
1548074888064850176,-2.47885,-0.50340,0.05355,0.69670,0.06619,-0.71221,0.05469,-0.23642,-0.01319,0.01469,
1548074888164770048,-2.50305,-0.52592,0.05431,0.69533,0.07221,-0.71253,0.06002,-0.19658,-0.01090,0.00860,
1548074888264689920,-2.52447,-0.54958,0.05487,0.69378,0.07850,-0.71296,0.06484,-0.17389,-0.00993,0.00848,
1548074888364610048,-2.55480,-0.57217,0.04992,0.69302,0.08337,-0.71274,0.06914,-0.15272,-0.01428,0.00001,
1548074888464539904,-2.56791,-0.59320,0.05166,0.69167,0.08874,-0.71297,0.07345,-0.12825,-0.01217,0.00468,
1548074888564460032,-2.58119,-0.61696,0.05276,0.69017,0.09506,-0.71305,0.07862,-0.11385,-0.01331,0.00550,
1548074888664380160,-2.58949,-0.63991,0.05466,0.68916,0.09924,-0.71318,0.08119,-0.01638,0.00199,0.00255,
1548074888764300032,-2.58685,-0.65754,0.05590,0.68862,0.10502,-0.71228,0.08619,0.08344,0.03834,0.01047,
1548074888864220160,-2.57912,-0.67408,0.05633,0.68815,0.11122,-0.71104,0.09221,0.06341,0.02696,0.00971,
1548074888964140032,-2.57622,-0.68968,0.05723,0.68757,0.11585,-0.71034,0.09620,0.01911,0.01482,0.00535,
1548074889064059904,-2.57657,-0.70414,0.05847,0.68687,0.11950,-0.71002,0.09902,0.02104,0.01200,0.00426,
1548074889163980032,-2.57541,-0.71572,0.05954,0.68639,0.12265,-0.70958,0.10156,0.04734,0.02128,0.00389,
1548074889263900160,-2.57309,-0.72404,0.06042,0.68603,0.12540,-0.70909,0.10406,0.04731,0.02031,0.00363,
1548074889363820032,-2.57228,-0.72969,0.06174,0.68574,0.12692,-0.70892,0.10529,0.03717,0.01561,0.00404,
1548074889463750144,-2.57189,-0.73543,0.06216,0.68544,0.12868,-0.70868,0.10668,0.04313,0.01821,0.00304,
1548074889563670016,-2.57111,-0.73935,0.06300,0.68524,0.12997,-0.70848,0.10777,0.04773,0.01939,0.00282,
1548074889663589888,-2.57089,-0.74150,0.06404,0.68508,0.13057,-0.70845,0.10824,0.04454,0.01743,0.00315,
1548074889763510016,-2.57122,-0.74209,0.06479,0.68498,0.13076,-0.70849,0.10834,0.04673,0.01770,0.00277,
1548074889863430144,-2.57087,-0.74167,0.06544,0.68481,0.13107,-0.70855,0.10865,0.05762,0.01946,0.00232,
1548074889963350016,-2.56772,-0.73966,0.06708,0.68441,0.13137,-0.70877,0.10944,0.12402,0.03751,0.00372,
1548074890063270144,-2.55477,-0.73177,0.06735,0.68533,0.12971,-0.70837,0.10825,0.23244,0.07978,0.01034,
1548074890163200000,-2.53249,-0.72093,0.06789,0.68656,0.12886,-0.70734,0.10822,0.28472,0.08832,0.01393,
1548074890263119872,-2.50242,-0.70845,0.06847,0.68836,0.12730,-0.70605,0.10696,0.35898,0.11343,0.01034,
1548074890363040000,-2.46751,-0.69411,0.06972,0.68959,0.12559,-0.70532,0.10590,0.41086,0.12911,0.00638,
1548074890462960128,-2.42776,-0.67607,0.07004,0.69157,0.12289,-0.70408,0.10435,0.43537,0.12849,0.01293,
1548074890562880000,-2.38139,-0.65582,0.06993,0.69428,0.11962,-0.70225,0.10254,0.50822,0.15100,0.01198,
1548074890662800128,-2.32750,-0.63432,0.07090,0.69756,0.11645,-0.69973,0.10113,0.57292,0.17470,0.01170,
1548074890762719744,-2.26615,-0.61017,0.07165,0.70188,0.11273,-0.69615,0.10013,0.65331,0.18150,0.01600,
1548074890862639872,-2.22018,-0.58634,0.06545,0.70784,0.10689,-0.69157,0.09633,0.71808,0.17776,-0.00275,
1548074890962560000,-2.15024,-0.56403,0.06329,0.71253,0.10297,-0.68791,0.09209,0.69795,0.13244,-0.02504,
1548074891062490112,-2.09060,-0.55070,0.05797,0.71416,0.10152,-0.68675,0.08975,0.78730,0.17232,0.01737,
1548074891162409984,-2.02996,-0.53505,0.05803,0.71699,0.09806,-0.68469,0.08663,0.55246,0.10270,-0.05085,
1548074891262330112,-1.96993,-0.52160,0.05633,0.71633,0.09625,-0.68572,0.08599,0.60470,0.12115,-0.00964,
1548074891362249728,-1.90911,-0.51088,0.05569,0.71631,0.09630,-0.68585,0.08504,0.63608,0.12657,-0.02219,
1548074891462169856,-1.84769,-0.49929,0.05580,0.71608,0.09610,-0.68621,0.08431,0.64001,0.11332,-0.02185,
1548074891562089984,-1.78386,-0.48950,0.05429,0.71645,0.09874,-0.68530,0.08555,0.64887,0.10814,-0.00550,
1548074891662009856,-1.71929,-0.47685,0.05272,0.71708,0.09934,-0.68454,0.08567,0.66658,0.14068,-0.01791,
1548074891761929984,-1.65502,-0.46320,0.05270,0.71689,0.10059,-0.68438,0.08703,0.66700,0.13464,-0.01069,
1548074891861850112,-1.58841,-0.44433,0.05449,0.71576,0.10416,-0.68442,0.09170,0.63880,0.15240,0.00137,
1548074891961779712,-1.52311,-0.42413,0.05534,0.71502,0.10615,-0.68450,0.09457,0.65873,0.15644,-0.00677,
1548074892061699840,-1.45888,-0.40302,0.05610,0.71392,0.10847,-0.68489,0.09738,0.67086,0.14719,-0.01147,
1548074892161619968,-1.38882,-0.37166,0.05963,0.71265,0.11493,-0.68424,0.10365,0.69450,0.17066,-0.01035,
1548074892261539840,-1.32490,-0.34232,0.05928,0.71271,0.11868,-0.68287,0.10793,0.68850,0.19336,-0.00353,
1548074892361459968,-1.26057,-0.31332,0.05867,0.71322,0.12121,-0.68131,0.11157,0.69353,0.19930,-0.00560,
1548074892461380096,-1.17214,-0.30134,0.06083,0.71660,0.11599,-0.67903,0.10930,0.80158,0.29762,-0.07572,
1548074892561299968,-1.10034,-0.27947,0.05579,0.71882,0.11518,-0.67643,0.11167,0.68311,0.14449,0.01667,
1548074892661219840,-1.00756,-0.27506,0.06158,0.72105,0.11285,-0.67501,0.10821,0.78172,0.18920,-0.04869,
1548074892761149952,-0.93119,-0.26037,0.05772,0.72297,0.11414,-0.67294,0.10698,0.80642,0.17216,-0.07225,
1548074892861069824,-0.84569,-0.20727,0.06138,0.72412,0.12121,-0.66937,0.11359,0.78635,0.21756,-0.01659,
1548074892960989952,-0.76653,-0.19255,0.05337,0.72791,0.12039,-0.66541,0.11351,0.79338,0.20875,-0.02307,
1548074893060910080,-0.67207,-0.16507,0.05579,0.73010,0.11865,-0.66334,0.11339,0.77470,0.23141,-0.02311,
1548074893160829952,-0.59741,-0.13834,0.04748,0.73261,0.11863,-0.66018,0.11562,0.72900,0.20448,-0.04644,
1548074893260749824,-0.50465,-0.11596,0.04755,0.73437,0.11741,-0.65863,0.11454,0.72879,0.18948,-0.03533,
1548074893360669952,-0.43541,-0.09890,0.03382,0.73665,0.11813,-0.65581,0.11534,0.76173,0.20440,-0.04593,
1548074893460589824,-0.34127,-0.08629,0.03316,0.74009,0.11543,-0.65298,0.11205,0.77269,0.18866,-0.05181,
1548074893560509952,-0.26830,-0.07042,0.02081,0.74306,0.11432,-0.64981,0.11197,0.70619,0.19875,-0.06762,
1548074893660430080,-0.18987,-0.05674,0.02083,0.74099,0.11069,-0.65315,0.10986,0.73473,0.23503,-0.04779,
1548074893760359936,-0.38835,-0.74231,-0.01080,0.74992,-0.03634,-0.65821,-0.05536,0.65194,-0.14481,-0.08677,
1548074893860279808,-0.31866,-0.76587,-0.00929,0.74883,-0.04112,-0.65893,-0.05810,0.68399,-0.11784,-0.04667,
1548074893960199936,-0.25110,-0.78281,-0.01636,0.74882,-0.04155,-0.65893,-0.05791,0.66129,-0.15533,-0.04645,
1548074894060119808,-0.18585,-0.80132,-0.02813,0.74866,-0.04087,-0.65909,-0.05864,0.67000,-0.15550,-0.06150,
1548074894160039936,-0.11723,-0.82381,-0.02646,0.74829,-0.04255,-0.65908,-0.06211,0.67891,-0.16636,-0.05225,
1548074894259960064,-0.04906,-0.84025,-0.03109,0.74852,-0.04194,-0.65880,-0.06270,0.68447,-0.15823,-0.04701,
1548074894359879936,0.01556,-0.85669,-0.04221,0.74962,-0.04077,-0.65767,-0.06227,0.64555,-0.14950,-0.05201,
1548074894459799808,0.07706,-0.86559,-0.03182,0.74980,-0.04304,-0.65695,-0.06604,0.33607,-0.05383,0.02639,
1548074894559729920,0.07100,-0.86164,-0.03748,0.74983,-0.04191,-0.65733,-0.06250,-0.08300,-0.05880,-0.02652,
1548074894659649792,0.05740,-0.85429,-0.02576,0.74749,-0.04156,-0.65998,-0.06290,0.08513,-0.02837,-0.00777,
1548074894759569920,0.05209,-0.84616,-0.02113,0.74758,-0.03967,-0.66020,-0.06073,0.13967,-0.05083,-0.00457,
1548074894859489792,0.05823,-0.84195,-0.02009,0.74772,-0.03940,-0.66010,-0.06031,0.18333,-0.03158,-0.00984,
1548074894959409920,0.06550,-0.84098,-0.02459,0.74895,-0.03893,-0.65880,-0.05947,0.06208,-0.01243,0.00085,
1548074895059330048,0.05617,-0.83548,-0.01766,0.74770,-0.03852,-0.66027,-0.05910,-0.03628,-0.00457,0.00022,
1548074895159249664,0.04990,-0.83032,-0.01533,0.74758,-0.03750,-0.66057,-0.05797,0.04559,-0.00251,-0.00277,
1548074895259169792,0.04662,-0.82625,-0.01858,0.74818,-0.03692,-0.66001,-0.05700,-0.01246,-0.00076,-0.00263,
1548074895359089920,0.04043,-0.82379,-0.01786,0.74783,-0.03679,-0.66041,-0.05700,-0.04180,0.00822,-0.00028,
1548074895459019776,0.04173,-0.82460,-0.01314,0.74759,-0.03727,-0.66059,-0.05779,-0.02763,0.00809,0.00151,
1548074895558939904,0.04018,-0.82405,-0.01321,0.74763,-0.03714,-0.66057,-0.05759,-0.06446,0.01044,-0.00072,
1548074895658860032,0.03851,-0.82393,-0.01325,0.74761,-0.03719,-0.66059,-0.05767,-0.06043,0.01311,0.00147,
1548074895758779648,0.03271,-0.82039,-0.01695,0.74793,-0.03645,-0.66035,-0.05671,-0.07627,0.01843,0.00179,
1548074895858699776,0.03174,-0.82113,-0.01717,0.74793,-0.03663,-0.66031,-0.05698,-0.08070,0.01992,0.00312,
1548074895958619904,0.03689,-0.82643,-0.01373,0.74767,-0.03782,-0.66041,-0.05846,-0.09552,0.02020,0.00303,
1548074896058539776,0.03696,-0.82758,-0.01414,0.74768,-0.03807,-0.66035,-0.05875,-0.10133,0.02249,0.00328,
1548074896158459904,0.03703,-0.82889,-0.01454,0.74770,-0.03836,-0.66029,-0.05907,-0.10911,0.02381,0.00388,
1548074896258390016,0.03715,-0.83039,-0.01493,0.74771,-0.03866,-0.66022,-0.05943,-0.11502,0.02537,0.00397,
1548074896358309632,0.03759,-0.83188,-0.01547,0.74775,-0.03897,-0.66014,-0.05976,-0.12084,0.02767,0.00423,
1548074896458229760,0.03294,-0.82863,-0.01961,0.74806,-0.03818,-0.65993,-0.05876,-0.12187,0.03021,0.00496,
1548074896558149888,0.03822,-0.83473,-0.01650,0.74780,-0.03955,-0.65998,-0.06042,-0.13143,0.03044,0.00530,
1548074896658069760,0.03387,-0.83135,-0.02063,0.74811,-0.03869,-0.65979,-0.05936,-0.13156,0.03305,0.00557,
1548074896757989888,0.03892,-0.83733,-0.01758,0.74786,-0.04003,-0.65984,-0.06098,-0.14083,0.03235,0.00552,
1548074896857910016,0.03940,-0.83847,-0.01814,0.74790,-0.04026,-0.65976,-0.06122,-0.14492,0.03383,0.00595,
1548074896957829632,0.03984,-0.83959,-0.01870,0.74793,-0.04047,-0.65969,-0.06147,-0.14920,0.03495,0.00602,
1548074897057749760,0.03550,-0.83606,-0.02294,0.74824,-0.03955,-0.65949,-0.06036,-0.14820,0.03623,0.00638,
1548074897157669888,0.04064,-0.84189,-0.01983,0.74798,-0.04088,-0.65956,-0.06195,-0.15640,0.03671,0.00661,
1548074897257599744,0.03670,-0.83813,-0.02397,0.74830,-0.03990,-0.65937,-0.06078,-0.15439,0.03880,0.00693,
1548074897357519872,0.04146,-0.84348,-0.02092,0.74805,-0.04117,-0.65942,-0.06229,-0.16178,0.03852,0.00709,
1548074897457440000,0.04197,-0.84412,-0.02144,0.74809,-0.04127,-0.65936,-0.06241,-0.16424,0.03920,0.00704,
1548074897557359616,0.04226,-0.84477,-0.02189,0.74812,-0.04136,-0.65931,-0.06253,-0.16716,0.04036,0.00729,
1548074897657279744,0.03847,-0.84090,-0.02594,0.74843,-0.04035,-0.65914,-0.06131,-0.16457,0.04115,0.00769,
1548074897757199872,0.04287,-0.84593,-0.02287,0.74819,-0.04155,-0.65921,-0.06276,-0.17216,0.04060,0.00787,
1548074897857119744,0.03930,-0.84196,-0.02691,0.74849,-0.04051,-0.65904,-0.06151,-0.16955,0.04202,0.00856,
1548074897957039872,0.04371,-0.84686,-0.02375,0.74825,-0.04168,-0.65911,-0.06293,-0.17638,0.04121,0.00907,
1548074898056969984,0.04425,-0.84712,-0.02419,0.74829,-0.04170,-0.65906,-0.06295,-0.17830,0.04191,0.00890,
1548074898156889600,0.04474,-0.84740,-0.02468,0.74832,-0.04172,-0.65902,-0.06299,-0.18024,0.04229,0.00947,
1548074898256809728,0.04522,-0.84760,-0.02509,0.74836,-0.04174,-0.65897,-0.06303,-0.18181,0.04288,0.00962,
1548074898356729856,0.04185,-0.84373,-0.02915,0.74865,-0.04070,-0.65882,-0.06182,-0.17832,0.04410,0.00993,
1548074898456649728,0.04589,-0.84845,-0.02608,0.74842,-0.04185,-0.65888,-0.06318,-0.18532,0.04391,0.01042,
1548074898556569856,0.04643,-0.84865,-0.02645,0.74845,-0.04186,-0.65884,-0.06321,-0.18686,0.04402,0.01052,
1548074898656489728,0.04676,-0.84876,-0.02680,0.74848,-0.04186,-0.65881,-0.06321,-0.18838,0.04423,0.01050,
1548074898756409856,0.04323,-0.84500,-0.03077,0.74877,-0.04081,-0.65866,-0.06200,-0.18490,0.04480,0.01111,
1548074898856339712,0.04676,-0.84954,-0.02773,0.74856,-0.04193,-0.65871,-0.06331,-0.19047,0.04469,0.01098,
1548074898956259840,0.04669,-0.84945,-0.02825,0.74860,-0.04192,-0.65866,-0.06329,-0.19050,0.04479,0.01079,
1548074899056179712,0.04730,-0.84965,-0.02858,0.74862,-0.04192,-0.65863,-0.06331,-0.19244,0.04536,0.01041,
1548074899156099840,0.04396,-0.84605,-0.03248,0.74890,-0.04091,-0.65850,-0.06213,-0.18859,0.04553,0.01065,
1548074899256019712,0.04746,-0.85016,-0.02938,0.74867,-0.04199,-0.65856,-0.06339,-0.19442,0.04606,0.01143,
1548074899355939840,0.04775,-0.85011,-0.02956,0.74869,-0.04197,-0.65854,-0.06339,-0.19539,0.04656,0.01176,
1548074899455859712,0.04797,-0.85015,-0.02985,0.74871,-0.04195,-0.65852,-0.06340,-0.19502,0.04573,0.01155,
1548074899555779584,0.04801,-0.85023,-0.03015,0.74874,-0.04194,-0.65849,-0.06340,-0.19720,0.04602,0.01258,
1548074899655699712,0.04489,-0.84673,-0.03394,0.74906,-0.04090,-0.65831,-0.06223,-0.19388,0.04922,0.01261,
1548074899755629824,0.04802,-0.85083,-0.03107,0.74910,-0.04165,-0.65814,-0.06302,-0.20456,0.05299,0.01191,
1548074899855549696,0.04424,-0.85117,-0.03148,0.75016,-0.03980,-0.65717,-0.06172,-0.28893,0.06664,0.01768,
1548074899955469824,0.02559,-0.84817,-0.02950,0.75041,-0.04034,-0.65677,-0.06245,-0.42746,0.09296,0.03195,
1548074900055389696,-0.01263,-0.83907,-0.02660,0.74939,-0.04081,-0.65793,-0.06227,-0.51757,0.12402,0.03928,
1548074900155309568,-0.06103,-0.82425,-0.02617,0.74865,-0.03974,-0.65897,-0.06077,-0.49937,0.12477,0.04431,
1548074900255229696,-0.10135,-0.81659,-0.01871,0.74929,-0.04155,-0.65807,-0.06157,-0.56742,0.11191,0.04461,
1548074900355149824,-0.15241,-0.80397,-0.01350,0.74933,-0.04105,-0.65819,-0.06002,-0.62744,0.17609,0.07123,
1548074900455069696,-0.21876,-0.78717,-0.01010,0.74969,-0.04043,-0.65803,-0.05765,-0.73159,0.15483,0.07125,
1548074900554989824,-0.29566,-0.77100,-0.00263,0.74950,-0.04018,-0.65824,-0.05789,-0.83269,0.17560,0.07203,
1548074900654919680,-0.37793,-0.75746,0.00880,0.74868,-0.03948,-0.65906,-0.05958,-0.87136,0.16448,0.07172,
1548074900754839552,-0.48383,-0.74067,0.00793,0.74612,-0.03900,-0.66186,-0.06097,-1.00230,0.16536,0.05221,
1548074900854759680,-0.56940,-0.72018,0.02487,0.74700,-0.03686,-0.66097,-0.06117,-0.95121,0.23414,0.03016,
1548074900954679808,-0.66234,-0.69768,0.03174,0.74268,-0.03778,-0.66595,-0.05936,-0.95124,0.20871,0.07584,
1548074901054599680,-0.76294,-0.67653,0.03978,0.73981,-0.03863,-0.66913,-0.05883,-0.98640,0.21651,0.06374,
1548074901154519808,-0.86286,-0.65547,0.04809,0.73640,-0.03947,-0.67282,-0.05888,-1.00953,0.19402,0.04501,
1548074901254439680,-0.96425,-0.64000,0.04988,0.73330,-0.03836,-0.67618,-0.05978,-1.00787,0.18716,0.04900,
1548074901354359552,-1.06241,-0.62084,0.05816,0.72943,-0.03775,-0.68054,-0.05807,-0.96010,0.21325,0.07317,
1548074901454279680,-1.15822,-0.59988,0.05641,0.72721,-0.03880,-0.68285,-0.05811,-0.95470,0.19861,0.06570,
1548074901554209792,-1.25111,-0.57824,0.05594,0.72527,-0.03978,-0.68506,-0.05554,-0.94038,0.23464,0.04565,
1548074901654129664,-1.40356,-0.62846,0.05928,0.72318,-0.03321,-0.68825,-0.04712,-0.95693,0.16163,0.03568,
1548074901754049792,-1.50967,-0.61398,0.04999,0.72320,-0.03330,-0.68814,-0.04843,-1.06281,0.14692,0.05321,
1548074901853969920,-1.61111,-0.60284,0.05725,0.71818,-0.03042,-0.69340,-0.04986,-0.99013,0.14714,-0.03279,
1548074901953889536,-1.71278,-0.58274,0.05735,0.71747,-0.03191,-0.69404,-0.05039,-0.94917,0.18537,0.04519,
1548074902053809664,-1.80527,-0.56624,0.06003,0.71840,-0.03036,-0.69318,-0.04976,-0.94132,0.17249,0.02379,
1548074902153729792,-1.90200,-0.54770,0.05610,0.71902,-0.03083,-0.69247,-0.05036,-0.86261,0.13013,0.00152,
1548074902253649664,-1.98534,-0.53420,0.05532,0.71987,-0.02930,-0.69159,-0.05127,-0.85299,0.14082,-0.00964,
1548074902353579776,-2.07634,-0.51292,0.04280,0.72057,-0.03041,-0.69079,-0.05166,-0.83572,0.17652,-0.00062,
1548074902453499904,-2.15817,-0.49487,0.04252,0.71986,-0.03140,-0.69147,-0.05178,-0.82866,0.16293,-0.00863,
1548074902553419520,-2.23793,-0.47288,0.04579,0.71857,-0.03239,-0.69281,-0.05126,-0.79453,0.19272,0.00163,
1548074902553419520,-1.96616,-0.49688,0.07179,0.71337,0.11191,-0.68448,0.10031,-0.67893,-0.14222,0.00679,
1548074902653339648,-2.31623,-0.44959,0.04104,0.71897,-0.03359,-0.69237,-0.05081,-0.67538,0.15094,0.00338,
1548074902753259776,-2.37832,-0.43573,0.03628,0.72054,-0.03542,-0.69050,-0.05275,-0.57634,0.11517,-0.01021,
1548074902853179648,-2.43824,-0.41594,0.02745,0.72096,-0.03654,-0.68986,-0.05455,-0.48847,0.12001,-0.01241,
1548074902953099776,-2.47709,-0.40231,0.02503,0.72092,-0.03786,-0.68973,-0.05579,-0.43865,0.09775,-0.02271,
1548074903053019648,-2.51334,-0.38896,0.02527,0.71907,-0.03932,-0.69146,-0.05715,-0.46020,0.11501,-0.02756,
1548074903152939520,-2.55523,-0.37506,0.02299,0.71726,-0.04037,-0.69339,-0.05593,-0.38314,0.10786,-0.00320,
1548074903252869632,-2.59000,-0.36498,0.01898,0.71753,-0.04281,-0.69280,-0.05785,-0.28136,0.06924,-0.00039,
1548074903352789760,-2.61078,-0.35552,0.01837,0.71730,-0.04319,-0.69303,-0.05769,-0.22847,0.07096,-0.00599,
1548074903452709632,-2.62579,-0.34874,0.01822,0.71670,-0.04498,-0.69341,-0.05913,-0.17529,0.05076,-0.00465,
1548074903552629760,-2.63708,-0.34201,0.01704,0.71634,-0.04638,-0.69363,-0.05985,-0.12664,0.04339,-0.00206,
1548074903652549632,-2.64292,-0.33520,0.01727,0.71583,-0.04755,-0.69399,-0.06087,-0.08606,0.03122,-0.00047,
1548074903752469504,-2.64889,-0.32989,0.01550,0.71560,-0.04877,-0.69407,-0.06169,-0.05537,0.02316,0.00050,
1548074903852389632,-2.65155,-0.32497,0.01587,0.71530,-0.04957,-0.69426,-0.06237,-0.03151,0.01965,0.00139,
1548074903952309504,-2.65531,-0.32123,0.01443,0.71511,-0.05011,-0.69440,-0.06258,-0.00711,0.01104,0.00175,
1548074904052229632,-2.65861,-0.31884,0.01421,0.71483,-0.05074,-0.69460,-0.06307,0.00748,0.00854,0.00238,
1548074904152159744,-2.65971,-0.31550,0.01572,0.71443,-0.05136,-0.69492,-0.06359,0.02082,0.00229,0.00335,
1548074904252079616,-2.66340,-0.31341,0.01589,0.71414,-0.05204,-0.69512,-0.06407,0.03123,-0.00108,0.00314,
1548074904351999488,-2.66429,-0.31047,0.01795,0.71380,-0.05243,-0.69541,-0.06437,0.03163,-0.00375,0.00452,
1548074904451919616,-2.66911,-0.30876,0.01889,0.71342,-0.05299,-0.69573,-0.06471,0.03103,-0.00179,0.00350,
1548074904551839488,-2.67232,-0.30632,0.02139,0.71289,-0.05334,-0.69623,-0.06489,0.02721,-0.00228,0.00427,
1548074904651759616,-2.67874,-0.30478,0.02344,0.71251,-0.05361,-0.69659,-0.06498,0.00364,0.00012,0.00594,
1548074904751679744,-2.69447,-0.30234,0.02426,0.71255,-0.05399,-0.69647,-0.06550,-0.13081,0.02908,0.00464,
1548074904851599616,-2.72849,-0.29543,0.02914,0.70966,-0.05389,-0.69945,-0.06515,-0.32047,0.06108,-0.00044,
1548074904951529472,-2.78484,-0.28817,0.03816,0.70556,-0.05368,-0.70366,-0.06455,-0.44514,0.08073,0.00713,
1548074905051449600,-2.85324,-0.27544,0.04803,0.70114,-0.05301,-0.70820,-0.06355,-0.49009,0.09328,0.00636,
1548074905151369472,-2.91312,-0.27444,0.04613,0.69832,-0.05051,-0.71135,-0.06151,-0.51483,0.09237,0.00228,
1548074905251289600,-2.96290,-0.26699,0.05222,0.69506,-0.04917,-0.71473,-0.06029,-0.46594,0.10357,0.01394,
1548074905351209728,-3.01062,-0.26380,0.04968,0.69287,-0.04714,-0.71717,-0.05805,-0.42152,0.08140,0.00757,
1548074905451129600,-3.05200,-0.25898,0.05430,0.69082,-0.04698,-0.71916,-0.05813,-0.40068,0.08485,0.01354,
1548074905551049728,-3.08819,-0.25758,0.05915,0.68818,-0.04986,-0.72113,-0.06238,-0.19859,0.06164,0.00866,
1548074905650969600,-3.11252,-0.27934,0.05240,0.68807,-0.04192,-0.72241,-0.05408,-0.08700,0.01059,0.02255,
1548074905750889472,-3.11467,-0.28807,0.05326,0.68839,-0.04034,-0.72227,-0.05313,0.04652,0.01250,0.00645,
1548074905850809600,-3.11149,-0.28874,0.05237,0.68920,-0.03721,-0.72191,-0.04957,0.03633,-0.00358,0.00056,
1548074905950739712,-3.11177,-0.28775,0.05145,0.68930,-0.03808,-0.72172,-0.05047,-0.01728,0.01607,0.00307,
1548074906050659584,-3.11586,-0.28414,0.05107,0.68908,-0.03847,-0.72188,-0.05071,-0.04398,0.01082,0.00322,
1548074906150579712,-3.12081,-0.27952,0.05111,0.68873,-0.04008,-0.72202,-0.05234,-0.02853,0.01024,0.00546,
1548074906250499584,-3.11986,-0.27678,0.05093,0.68870,-0.04080,-0.72194,-0.05314,0.00974,0.00258,0.00213,
1548074906350419456,-3.12126,-0.26979,0.05050,0.68881,-0.04215,-0.72169,-0.05417,0.01142,0.00175,0.00036,
1548074906450339584,-3.12099,-0.26285,0.05025,0.68868,-0.04400,-0.72157,-0.05584,-0.00030,0.00427,-0.00034,
1548074906550259712,-3.12109,-0.25599,0.05015,0.68849,-0.04599,-0.72149,-0.05764,0.01133,-0.00012,-0.00060,
1548074906650179584,-3.11965,-0.24882,0.05003,0.68842,-0.04764,-0.72133,-0.05912,0.02697,0.00083,-0.00021,
1548074906750109696,-3.11560,-0.24429,0.04989,0.68834,-0.04847,-0.72130,-0.05965,0.03105,-0.00196,0.00089,
1548074906850029568,-3.11155,-0.24201,0.05093,0.68781,-0.04851,-0.72181,-0.05963,0.09657,-0.01653,0.00301,
1548074906949949440,-3.09754,-0.23371,0.04940,0.68946,-0.05229,-0.71966,-0.06322,0.18361,-0.03203,0.00457,
1548074907049869568,-3.06910,-0.23464,0.04917,0.68980,-0.05226,-0.71933,-0.06329,0.29637,-0.05045,0.01123,
1548074907149789696,-3.03557,-0.23447,0.04990,0.69134,-0.05483,-0.71749,-0.06522,0.32402,-0.06770,0.01133,
1548074907249709568,-2.99521,-0.23656,0.05055,0.69271,-0.05688,-0.71580,-0.06748,0.39673,-0.09080,0.00468,
1548074907349629696,-2.94970,-0.24084,0.05246,0.69392,-0.05856,-0.71433,-0.06912,0.45755,-0.08727,0.01317,
1548074907449549312,-2.89759,-0.24595,0.05405,0.69561,-0.06065,-0.71237,-0.07060,0.49869,-0.10882,0.01555,
1548074907549469440,-2.83801,-0.25332,0.05614,0.69791,-0.06229,-0.70985,-0.07176,0.58988,-0.12251,0.01238,
1548074907549469440,-2.46807,-0.51199,0.08331,0.70154,0.08530,-0.70351,0.07513,0.65751,0.13646,0.01124,
1548074907649399552,-2.45238,-0.51795,0.06765,0.70175,0.08830,-0.70253,0.07872,0.67963,0.14609,0.00331,
1548074907749319680,-2.37500,-0.50167,0.06530,0.70643,0.08704,-0.69792,0.07929,0.76858,0.15782,-0.00518,
1548074907849239552,-2.26978,-0.48859,0.05182,0.71105,0.09191,-0.69196,0.08456,0.83168,0.15982,-0.01096,
1548074907949159680,-2.18078,-0.47490,0.04527,0.71361,0.09255,-0.68928,0.08419,0.77376,0.12099,-0.05045,
1548074908049079552,-2.07886,-0.45784,0.04395,0.71818,0.09912,-0.68289,0.08979,0.80423,0.18821,-0.01400,
1548074908148999424,-2.00233,-0.44145,0.04103,0.71553,0.10209,-0.68475,0.09332,0.81553,0.19057,-0.01030,
1548074908248919552,-1.92674,-0.41897,0.04527,0.71296,0.11227,-0.68452,0.10250,0.79216,0.17300,-0.04586,
1548074908348839424,-1.85480,-0.39897,0.04471,0.71279,0.11744,-0.68328,0.10618,0.76183,0.17570,-0.01320,
1548074908448769536,-1.78350,-0.36713,0.04711,0.71243,0.12745,-0.68035,0.11543,0.74407,0.19618,0.00696,
1548074908548689664,-1.71132,-0.33688,0.04713,0.71133,0.13317,-0.67950,0.12067,0.76085,0.22621,0.00309,
1548074908648609536,-1.64157,-0.30651,0.04940,0.70946,0.13700,-0.67980,0.12554,0.73580,0.24693,-0.00456,
1548074908748529408,-1.54116,-0.33318,0.05810,0.71266,0.11412,-0.68457,0.10226,0.80476,0.19556,0.00251,
1548074908848449536,-1.46171,-0.31276,0.05822,0.71242,0.11384,-0.68484,0.10240,0.81968,0.19562,-0.01156,
1548074908948369408,-1.37490,-0.31528,0.06461,0.71302,0.10733,-0.68632,0.09514,0.84205,0.19165,0.01317,
1548074909048289536,-1.29454,-0.30299,0.06390,0.71468,0.10443,-0.68524,0.09368,0.82141,0.18510,-0.00130,
1548074909148209664,-1.20884,-0.29396,0.06622,0.71969,0.09809,-0.68100,0.09310,0.90408,0.23708,-0.05471,
1548074909248139520,-1.12972,-0.27598,0.06474,0.71897,0.09974,-0.68133,0.09448,0.88742,0.12819,-0.01862,
1548074909348059392,-1.03421,-0.23604,0.06174,0.72287,0.10527,-0.67581,0.09832,0.87630,0.16753,-0.00729,
1548074909447979520,-0.94902,-0.20778,0.05061,0.72588,0.10797,-0.67187,0.10020,0.92794,0.20831,-0.08969,
1548074909547899392,-0.84783,-0.19246,0.05315,0.72890,0.10664,-0.66896,0.09917,0.91671,0.20961,-0.04258,
1548074909647819520,-0.75197,-0.17247,0.05730,0.73202,0.10533,-0.66564,0.09987,0.84499,0.20625,-0.01147,
1548074909747739648,-0.67039,-0.15391,0.04794,0.73575,0.10344,-0.66175,0.10035,0.81212,0.15702,-0.03837,
1548074909847659520,-0.58644,-0.14633,0.04278,0.73746,0.10231,-0.66037,0.09795,0.79623,0.15328,-0.04878,
1548074909947579392,-0.57557,-0.56978,0.00251,0.74668,0.02196,-0.66478,0.00754,0.76417,-0.05487,-0.06157,
1548074910047499520,-0.49557,-0.59186,-0.00104,0.74965,0.01779,-0.66159,0.00246,0.73728,-0.04599,-0.05198,
1548074910147419392,-0.42774,-0.60146,-0.01279,0.75028,0.01618,-0.66091,0.00190,0.63815,-0.01227,-0.08769,
1548074910247349504,-0.35669,-0.61063,-0.00652,0.75068,0.01162,-0.66057,0.00003,0.77444,-0.04045,-0.02572,
1548074910347269632,-0.29420,-0.61392,-0.01570,0.74991,0.01075,-0.66145,0.00113,0.71897,-0.02445,-0.06512,
1548074910447189504,-0.23269,-0.62094,-0.01169,0.74999,0.00784,-0.66140,-0.00024,0.63190,-0.04570,-0.06500,
1548074910547109376,-0.16795,-0.62542,-0.01969,0.74996,0.00870,-0.66143,-0.00019,0.63279,-0.06152,-0.06266,
1548074910647029504,-0.10355,-0.63196,-0.02601,0.75005,0.00948,-0.66131,-0.00124,0.64900,-0.04582,-0.06133,
1548074910746949376,-0.04196,-0.64199,-0.02577,0.75015,0.00845,-0.66121,-0.00366,0.63693,-0.05485,-0.05199,
1548074910846869504,0.02257,-0.64746,-0.03062,0.75048,0.00853,-0.66083,-0.00438,0.62076,-0.05465,-0.04006,
1548074910946789376,0.07973,-0.64961,-0.03563,0.75158,0.00830,-0.65957,-0.00484,0.49346,-0.04892,0.02859,
1548074911046719488,0.08602,-0.64801,-0.03124,0.75185,0.00772,-0.65927,-0.00514,-0.11963,-0.03845,-0.02926,
1548074911146639360,0.05609,-0.64481,-0.02865,0.75007,0.00867,-0.66129,-0.00400,-0.06002,-0.01457,0.03739,
1548074911246559488,0.04022,-0.63765,-0.02317,0.74945,0.01025,-0.66198,-0.00273,0.06305,-0.01991,0.00688,
1548074911346479360,0.04093,-0.63391,-0.02209,0.74969,0.01032,-0.66170,-0.00243,0.11993,-0.00820,-0.00495,
1548074911446399488,0.05074,-0.63249,-0.02163,0.75005,0.01007,-0.66130,-0.00201,0.13849,-0.02129,0.01733,
1548074911546319360,0.04641,-0.63234,-0.02232,0.75033,0.01049,-0.66098,-0.00186,-0.08892,-0.00241,-0.01035,
1548074911646239488,0.03948,-0.63120,-0.02012,0.74954,0.01068,-0.66187,-0.00189,-0.01267,-0.00469,0.00150,
1548074911746159616,0.04113,-0.63033,-0.01975,0.74987,0.01020,-0.66150,-0.00236,0.01400,-0.00301,0.00745,
1548074911846079232,0.04087,-0.63072,-0.01989,0.74993,0.01033,-0.66143,-0.00213,-0.07068,0.00080,-0.00227,
1548074911945999360,0.03711,-0.63069,-0.02103,0.74976,0.01054,-0.66162,-0.00178,-0.03155,0.00111,0.00313,
1548074912045929472,0.04145,-0.63077,-0.01999,0.74992,0.01013,-0.66145,-0.00233,-0.06323,0.00463,0.00134,
1548074912145849344,0.03938,-0.63132,-0.02178,0.74996,0.01020,-0.66140,-0.00225,-0.06716,0.00413,0.00164,
1548074912245769472,0.04319,-0.63158,-0.02137,0.75001,0.00990,-0.66134,-0.00258,-0.06983,0.00538,0.00151,
1548074912345689600,0.04358,-0.63219,-0.02175,0.75003,0.00980,-0.66132,-0.00271,-0.08120,0.00631,0.00133,
1548074912445609216,0.04219,-0.63267,-0.02307,0.75012,0.00982,-0.66123,-0.00267,-0.08215,0.00658,0.00236,
1548074912545529344,0.04626,-0.63319,-0.02257,0.75010,0.00957,-0.66125,-0.00300,-0.09022,0.00788,0.00189,
1548074912645449472,0.04681,-0.63337,-0.02308,0.75016,0.00951,-0.66119,-0.00308,-0.09314,0.00916,0.00244,
1548074912745379328,0.04800,-0.63351,-0.02355,0.75021,0.00949,-0.66113,-0.00312,-0.09905,0.00924,0.00273,
1548074912845299456,0.04898,-0.63367,-0.02401,0.75026,0.00948,-0.66107,-0.00316,-0.10275,0.00987,0.00329,
1548074912945219584,0.04751,-0.63358,-0.02532,0.75034,0.00966,-0.66097,-0.00295,-0.10632,0.01012,0.00338,
1548074913045139200,0.05075,-0.63395,-0.02500,0.75035,0.00946,-0.66097,-0.00320,-0.10995,0.01043,0.00363,
1548074913145059328,0.05180,-0.63383,-0.02546,0.75040,0.00951,-0.66091,-0.00317,-0.11377,0.01113,0.00440,
1548074913244979456,0.05045,-0.63350,-0.02676,0.75048,0.00974,-0.66082,-0.00293,-0.11607,0.01149,0.00440,
1548074913344899328,0.05337,-0.63371,-0.02642,0.75048,0.00960,-0.66081,-0.00314,-0.12041,0.01158,0.00444,
1548074913444819456,0.05204,-0.63319,-0.02774,0.75057,0.00986,-0.66071,-0.00283,-0.12197,0.01207,0.00469,
1548074913544739584,0.05494,-0.63330,-0.02739,0.75058,0.00974,-0.66070,-0.00303,-0.12606,0.01190,0.00435,
1548074913644659200,0.05580,-0.63294,-0.02785,0.75063,0.00984,-0.66065,-0.00295,-0.12800,0.01169,0.00447,
1548074913744589312,0.05453,-0.63227,-0.02906,0.75070,0.01014,-0.66056,-0.00263,-0.12962,0.01248,0.00488,
1548074913844509440,0.05516,-0.63193,-0.02943,0.75073,0.01022,-0.66052,-0.00257,-0.13161,0.01210,0.00485,
1548074913944429312,0.05772,-0.63195,-0.02907,0.75076,0.01018,-0.66049,-0.00267,-0.13649,0.01220,0.00481,
1548074914044349440,0.05834,-0.63146,-0.02954,0.75083,0.01035,-0.66041,-0.00244,-0.13608,0.01093,0.00318,
1548074914144269568,0.05678,-0.63071,-0.03085,0.75119,0.01112,-0.66000,-0.00149,-0.14536,0.00903,0.00300,
1548074914244189440,0.05626,-0.63079,-0.03040,0.75160,0.01143,-0.65952,-0.00162,-0.18374,0.01545,0.00588,
1548074914344109312,0.04572,-0.62969,-0.02960,0.75185,0.01104,-0.65923,-0.00217,-0.28189,0.01399,0.01526,
1548074914444029440,0.02452,-0.62784,-0.02853,0.75164,0.01128,-0.65947,-0.00177,-0.34230,0.02079,0.01951,
1548074914543959296,-0.00321,-0.62502,-0.02779,0.75135,0.01162,-0.65980,-0.00124,-0.35732,0.01963,0.02082,
1548074914643879424,-0.03056,-0.62252,-0.02496,0.75126,0.01167,-0.65990,-0.00087,-0.39014,0.02925,0.02282,
1548074914743799552,-0.06542,-0.61887,-0.02373,0.75064,0.01210,-0.66060,0.00042,-0.41634,0.02928,0.03070,
1548074914843719424,-0.09524,-0.61576,-0.02012,0.75109,0.01167,-0.66010,0.00051,-0.43271,0.03394,0.03233,
1548074914943639296,-0.13159,-0.61242,-0.01685,0.75083,0.01144,-0.66040,0.00141,-0.47232,0.03157,0.03917,
1548074915043559424,-0.17600,-0.60860,-0.01447,0.75090,0.01209,-0.66030,0.00325,-0.52926,0.02913,0.04794,
1548074915143479296,-0.22808,-0.61082,-0.00643,0.75121,0.01050,-0.65998,0.00154,-0.61551,0.02429,0.04465,
1548074915243399424,-0.29454,-0.60976,-0.00403,0.75080,0.01099,-0.66043,0.00126,-0.67885,0.00982,0.05046,
1548074915343319296,-0.36186,-0.60827,0.00363,0.75128,0.01294,-0.65986,0.00047,-0.71992,0.00506,0.04678,
1548074915443249408,-0.43975,-0.60870,0.01280,0.74700,0.01419,-0.66467,-0.00139,-0.72528,-0.00440,0.06607,
1548074915543169280,-0.52192,-0.60755,0.01679,0.74897,0.01417,-0.66245,-0.00167,-0.95203,0.05088,0.02977,
1548074915643089408,-0.60884,-0.60042,0.02286,0.74531,0.01438,-0.66656,-0.00041,-0.90418,0.05328,0.05269,
1548074915743009280,-0.70450,-0.59406,0.02853,0.74163,0.01401,-0.67066,0.00017,-0.93654,0.05771,0.05879,
1548074915842929408,-0.80247,-0.59182,0.04831,0.73687,0.01230,-0.67592,-0.00198,-0.92759,0.01005,0.03917,
1548074915942849280,-0.88414,-0.59134,0.05470,0.73431,0.01510,-0.67864,-0.00105,-0.78714,0.04212,0.04129,
1548074916042769408,-0.95298,-0.58745,0.05281,0.73304,0.01358,-0.68005,-0.00270,-0.67758,0.02780,0.03533,
1548074916142689280,-1.00638,-0.58474,0.05784,0.73138,0.01549,-0.68180,-0.00079,-0.53406,0.04853,0.03491,
1548074916242619392,-1.04475,-0.58157,0.04869,0.73097,0.01402,-0.68226,-0.00186,-0.38926,0.01376,0.00897,
1548074916342539264,-1.06691,-0.57917,0.05096,0.73062,0.01447,-0.68263,-0.00142,-0.24360,0.03140,0.00668,
1548074916442459392,-1.06760,-0.57538,0.05466,0.73072,0.01358,-0.68253,-0.00244,-0.12393,0.00988,0.00530,
1548074916542379264,-1.04286,-0.57261,0.04757,0.73201,0.01304,-0.68116,-0.00325,-0.02094,0.00785,-0.00420,
1548074916642299392,-1.01591,-0.58102,0.03808,0.73340,0.01292,-0.67966,-0.00370,0.05131,-0.00853,-0.01360,
1548074916742219264,-0.97006,-0.58557,0.03184,0.73478,0.01267,-0.67817,-0.00407,0.11580,-0.02057,-0.01700,
1548074916842139136,-0.91924,-0.58513,0.03188,0.73546,0.01252,-0.67743,-0.00467,0.15160,-0.02286,-0.01574,
1548074916942059264,-0.88417,-0.59133,0.02821,0.73674,0.01297,-0.67604,-0.00404,0.18702,-0.02554,-0.01308,
1548074917041979392,-0.85261,-0.59035,0.03051,0.73744,0.01313,-0.67528,-0.00386,0.19051,-0.01973,-0.00733,
1548074917141909248,-0.83637,-0.59009,0.03000,0.73849,0.01255,-0.67414,-0.00388,0.19515,-0.01579,-0.00042,
1548074917241829376,-0.82166,-0.59023,0.03054,0.73970,0.01377,-0.67279,-0.00235,0.09480,-0.01478,0.00081,
1548074917341749248,-0.82486,-0.59105,0.03119,0.73962,0.01330,-0.67288,-0.00301,-0.06894,-0.00855,0.00877,
1548074917441669120,-0.84486,-0.59051,0.03192,0.73821,0.01386,-0.67443,-0.00242,-0.15770,0.00004,0.01813,
1548074917541589248,-0.87249,-0.59066,0.03229,0.73664,0.01447,-0.67612,-0.00216,-0.18798,0.01005,0.02095,
1548074917541589248,-0.81421,-0.22822,0.05162,0.73029,0.09689,-0.67047,0.08803,-0.19543,-0.03621,0.02492,
1548074917641509376,-0.90307,-0.58949,0.03300,0.73564,0.01441,-0.67722,-0.00187,-0.21022,0.01500,0.02320,
1548074917741429248,-0.93609,-0.58904,0.03356,0.73449,0.01506,-0.67845,-0.00122,-0.25645,0.01738,0.02524,
1548074917841349376,-0.97284,-0.58676,0.03497,0.73315,0.01484,-0.67991,-0.00071,-0.33129,0.01754,0.02904,
1548074917941269504,-1.00059,-0.58173,0.03796,0.73141,0.01436,-0.68179,-0.00036,-0.36449,0.03102,0.03429,
1548074918041199104,-1.04505,-0.57991,0.03605,0.73008,0.01412,-0.68321,0.00148,-0.43648,0.03211,0.04106,
1548074918141119232,-1.09233,-0.57846,0.03945,0.72770,0.01370,-0.68576,0.00171,-0.49959,0.01338,0.02835,
1548074918241039360,-1.13929,-0.57552,0.03515,0.72768,0.01429,-0.68577,0.00162,-0.57709,0.01020,0.01370,
1548074918340959232,-1.20229,-0.58001,0.04154,0.72161,0.01639,-0.69211,0.00011,-0.59616,-0.03584,0.02003,
1548074918440879360,-1.25860,-0.58161,0.03721,0.72194,0.01867,-0.69170,0.00053,-0.66557,0.00412,0.02005,
1548074918540799488,7.60152,-2.55118,1.54679,0.71119,-0.10047,-0.68477,-0.12334,-0.60109,0.23994,-0.00385,
1548074918640719104,7.54244,-2.53108,1.55009,0.71122,-0.09947,-0.68492,-0.12312,-0.58156,0.19511,0.00297,
1548074918740639232,7.48836,-2.51221,1.54916,0.71176,-0.09783,-0.68458,-0.12320,-0.54510,0.19638,-0.00387,
1548074918840569344,7.43517,-2.49193,1.54684,0.71253,-0.09676,-0.68400,-0.12282,-0.53954,0.20157,-0.00614,
1548074918940489216,7.38022,-2.47089,1.54749,0.71170,-0.09675,-0.68493,-0.12242,-0.52747,0.19242,-0.01359,
1548074919040409344,7.32730,-2.45041,1.54458,0.71172,-0.09567,-0.68545,-0.12025,-0.49497,0.21695,-0.00008,
1548074919140329472,7.28312,-2.43253,1.54497,0.71136,-0.09600,-0.68591,-0.11950,-0.40556,0.15074,0.00638,
1548074919240249088,7.24232,-2.41782,1.54362,0.71216,-0.09511,-0.68544,-0.11816,-0.28012,0.12417,-0.00973,
1548074919340169216,7.21196,-2.40917,1.54401,0.71279,-0.09410,-0.68502,-0.11757,-0.25185,0.08888,-0.00158,
1548074919440089344,7.18388,-2.40181,1.54494,0.71310,-0.09303,-0.68491,-0.11716,-0.19003,0.07660,-0.00775,
1548074919540009216,7.14984,-2.39441,1.54395,0.71354,-0.09062,-0.68519,-0.11470,-0.17219,0.06755,-0.00708,
1548074919639929344,7.12795,-2.38964,1.54405,0.71227,-0.08998,-0.68676,-0.11375,-0.19540,0.07401,-0.01341,
1548074919739849216,7.10267,-2.38241,1.54514,0.71018,-0.08873,-0.68960,-0.11054,-0.19118,0.09838,-0.00618,
1548074919839779072,7.08057,-2.37718,1.54691,0.70945,-0.08858,-0.69050,-0.10974,-0.13050,0.04178,0.00717,
1548074919939699200,7.06920,-2.37350,1.54901,0.70933,-0.08822,-0.69076,-0.10914,-0.06023,0.04007,0.01056,
1548074920039619328,-2.01867,-0.24081,0.03279,0.69075,0.20602,-0.66515,0.19495,-0.03720,-0.02036,0.00876,
1548074920139539200,-2.02398,-0.24544,0.03424,0.69008,0.20700,-0.66533,0.19564,-0.01450,0.00346,0.00739,
1548074920239459328,-2.02770,-0.24956,0.03566,0.68958,0.20745,-0.66564,0.19588,0.00682,0.00711,0.00640,
1548074920339379200,-2.03031,-0.25248,0.03691,0.68907,0.20821,-0.66573,0.19655,0.01633,0.01540,0.00676,
1548074920439299328,-2.03182,-0.25483,0.03801,0.68877,0.20855,-0.66589,0.19670,0.02668,0.01868,0.00575,
1548074920539219200,-2.03264,-0.25625,0.03896,0.68854,0.20896,-0.66591,0.19701,0.03292,0.02023,0.00512,
1548074920639149312,-2.03299,-0.25727,0.03978,0.68839,0.20920,-0.66594,0.19717,0.03076,0.01895,0.00427,
1548074920739069184,-2.03339,-0.25792,0.04055,0.68824,0.20941,-0.66600,0.19728,0.02849,0.01543,0.00391,
1548074920838989312,-2.03389,-0.25842,0.04134,0.68809,0.20953,-0.66610,0.19732,0.02652,0.01439,0.00357,
1548074920938909184,-2.03424,-0.25877,0.04208,0.68798,0.20959,-0.66620,0.19731,0.02637,0.01320,0.00296,
1548074921038829312,-2.03459,-0.25892,0.04250,0.68793,0.20963,-0.66625,0.19730,0.02597,0.01191,0.00248,
1548074921138749184,-2.03493,-0.25902,0.04311,0.68785,0.20962,-0.66634,0.19726,0.02479,0.01028,0.00286,
1548074921238669056,-2.03530,-0.25884,0.04395,0.68778,0.20954,-0.66647,0.19716,0.02404,0.00910,0.00251,
1548074921338589184,-2.03594,-0.25845,0.04486,0.68773,0.20936,-0.66664,0.19695,0.02317,0.00913,0.00230,
1548074921438519296,-2.03588,-0.25830,0.04453,0.68776,0.20931,-0.66664,0.19689,0.02344,0.00757,0.00162,
1548074921538439168,-2.03616,-0.25781,0.04525,0.68773,0.20916,-0.66677,0.19673,0.02278,0.00715,0.00140,
1548074921638359296,-2.03643,-0.25739,0.04568,0.68771,0.20900,-0.66689,0.19655,0.02238,0.00655,0.00120,
1548074921738279168,-2.03672,-0.25685,0.04606,0.68772,0.20883,-0.66699,0.19638,0.02161,0.00563,0.00112,
1548074921838199040,-2.03703,-0.25649,0.04600,0.68777,0.20863,-0.66705,0.19619,0.02198,0.00475,0.00095,
1548074921938119168,-2.03729,-0.25584,0.04666,0.68775,0.20842,-0.66720,0.19598,0.02073,0.00457,0.00115,
1548074922038039296,-2.03757,-0.25520,0.04698,0.68777,0.20821,-0.66730,0.19578,0.02053,0.00381,0.00124,
1548074922137959168,-2.03784,-0.25467,0.04734,0.68779,0.20800,-0.66740,0.19556,0.01986,0.00273,0.00120,
1548074922237879296,-2.03811,-0.25401,0.04759,0.68783,0.20778,-0.66750,0.19535,0.01978,0.00233,0.00069,
1548074922337799168,-2.03843,-0.25352,0.04738,0.68790,0.20753,-0.66757,0.19513,0.02023,0.00141,0.00029,
1548074922437729024,-2.03870,-0.25288,0.04755,0.68796,0.20727,-0.66766,0.19490,0.01981,0.00135,-0.00008,
1548074922537649152,-2.03890,-0.25215,0.04806,0.68796,0.20705,-0.66778,0.19470,0.01891,0.00045,-0.00021,
1548074922537649152,-1.81202,-0.48874,0.07028,0.70732,0.11930,-0.68888,0.10445,0.02217,-0.00462,0.00041,
1548074922637569280,-2.03917,-0.25153,0.04819,0.68800,0.20683,-0.66787,0.19450,0.01856,0.00024,-0.00029,
1548074922737489152,-2.03952,-0.25104,0.04789,0.68810,0.20657,-0.66791,0.19427,0.01838,0.00004,-0.00010,
1548074922837409280,-2.03985,-0.25037,0.04838,0.68810,0.20635,-0.66804,0.19407,0.01726,-0.00071,0.00005,
1548074922937329152,-2.04024,-0.24980,0.04846,0.68815,0.20610,-0.66813,0.19385,0.01712,-0.00137,0.00000,
1548074923037249024,-2.04053,-0.24934,0.04814,0.68824,0.20586,-0.66817,0.19362,0.01802,-0.00156,0.00034,
1548074923137169152,-2.04078,-0.24851,0.04869,0.68826,0.20561,-0.66830,0.19339,0.01697,-0.00180,0.00054,
1548074923237099264,-2.04105,-0.24787,0.04864,0.68833,0.20524,-0.66844,0.19307,0.01865,-0.00076,0.00106,
1548074923337019136,-2.04039,-0.24654,0.04836,0.68860,0.20475,-0.66846,0.19251,0.03475,0.00410,-0.00066,
1548074923436939264,-2.03472,-0.24326,0.04888,0.68855,0.20461,-0.66877,0.19176,0.12613,0.06293,0.00198,
1548074923536859136,-2.02115,-0.23463,0.04859,0.68947,0.20430,-0.66791,0.19183,0.18502,0.08553,-0.00198,
1548074923636779008,-2.00176,-0.22445,0.04717,0.68986,0.20419,-0.66762,0.19151,0.25198,0.13108,-0.00099,
1548074923736699136,-1.97779,-0.21224,0.04823,0.69095,0.20465,-0.66623,0.19196,0.26017,0.13575,0.01066,
1548074923836619264,-1.95324,-0.19909,0.04973,0.69301,0.20308,-0.66490,0.19079,0.28853,0.13814,0.01533,
1548074923936539136,-1.92363,-0.18078,0.05022,0.69369,0.20319,-0.66403,0.19125,0.35059,0.20501,0.00199,
1548074924036459264,-1.88568,-0.16144,0.05022,0.69330,0.20274,-0.66459,0.19121,0.41316,0.22623,-0.00201,
1548074924136389120,-1.84312,-0.13880,0.05166,0.69285,0.20317,-0.66497,0.19102,0.44886,0.22932,-0.00288,
1548074924236308992,-1.80180,-0.11788,0.04815,0.69322,0.20374,-0.66447,0.19083,0.46917,0.24265,0.01034,
1548074924336229120,-1.75320,-0.09243,0.04916,0.69363,0.20436,-0.66414,0.18981,0.50875,0.24840,0.00892,
1548074924436149248,-1.70179,-0.06323,0.04835,0.69537,0.20332,-0.66267,0.18970,0.52061,0.29400,-0.00177,
1548074924536069120,-1.65902,-0.03881,0.04559,0.69552,0.20319,-0.66252,0.18981,0.44801,0.23409,0.01078,
1548074924635989248,-1.62159,-0.01905,0.04652,0.69573,0.20230,-0.66276,0.18916,0.29810,0.17004,0.00431,
1548074924735909120,-1.59393,-0.00297,0.04707,0.69480,0.20195,-0.66383,0.18922,0.29452,0.14254,-0.00197,
1548074924835828992,-1.57284,0.01090,0.04490,0.69473,0.20096,-0.66436,0.18867,0.23333,0.12979,0.00276,
1548074924935749120,-1.55252,0.02164,0.04586,0.69472,0.20117,-0.66418,0.18910,0.19294,0.09385,0.00272,
1548074925035678976,-1.53746,0.02998,0.04636,0.69464,0.20047,-0.66459,0.18868,0.15189,0.07003,0.00507,
1548074925135599104,-1.52595,0.03567,0.04695,0.69444,0.20084,-0.66464,0.18886,0.12026,0.05736,0.00599,
1548074925235519232,-1.51822,0.04022,0.04776,0.69441,0.20057,-0.66478,0.18875,0.09257,0.03574,0.00578,
1548074925335439104,-1.51345,0.04295,0.04817,0.69435,0.20064,-0.66480,0.18883,0.06212,0.02661,0.00633,
1548074925435358976,-1.51115,0.04416,0.04909,0.69425,0.20057,-0.66495,0.18874,0.04107,0.01018,0.00693,
1548074925535279104,-1.51114,0.04424,0.04962,0.69421,0.20044,-0.66508,0.18859,0.02348,0.00246,0.00749,
1548074925635198976,-1.51203,0.04376,0.05018,0.69414,0.20038,-0.66520,0.18847,0.01736,0.00146,0.00754,
1548074925735119104,-1.51289,0.04352,0.05037,0.69415,0.20020,-0.66530,0.18827,0.02202,0.00315,0.00698,
1548074925835039232,-1.51315,0.04349,0.05100,0.69414,0.20000,-0.66543,0.18808,0.02662,0.00783,0.00710,
1548074925934969088,-1.51315,0.04375,0.05102,0.69422,0.19971,-0.66550,0.18782,0.02730,0.00910,0.00639,
1548074926034888960,-1.51323,0.04400,0.05103,0.69429,0.19940,-0.66561,0.18752,0.02257,0.00690,0.00556,
1548074926134809088,-1.51354,0.04404,0.05109,0.69435,0.19914,-0.66570,0.18725,0.01906,0.00615,0.00579,
1548074926234728960,-1.51376,0.04409,0.05163,0.69438,0.19880,-0.66586,0.18693,0.01890,0.00680,0.00577,
1548074926334649088,-1.51386,0.04425,0.05182,0.69444,0.19846,-0.66598,0.18662,0.01976,0.00791,0.00568,
1548074926434569216,-1.51384,0.04446,0.05201,0.69451,0.19816,-0.66609,0.18634,0.01922,0.00726,0.00575,
1548074926534489088,-1.51393,0.04461,0.05223,0.69455,0.19790,-0.66620,0.18608,0.01759,0.00643,0.00555,
1548074926634408960,-1.51411,0.04467,0.05246,0.69459,0.19759,-0.66632,0.18580,0.01710,0.00702,0.00577,
1548074926734339072,-1.51417,0.04474,0.05259,0.69466,0.19729,-0.66642,0.18552,0.01738,0.00661,0.00531,
1548074926834258944,-1.51420,0.04497,0.05268,0.69471,0.19700,-0.66651,0.18528,0.01635,0.00618,0.00510,
1548074926934179072,-1.51426,0.04509,0.05298,0.69474,0.19675,-0.66663,0.18503,0.01533,0.00569,0.00522,
1548074927034099200,-1.51438,0.04513,0.05292,0.69481,0.19649,-0.66670,0.18478,0.01582,0.00585,0.00499,
1548074927134019072,-1.51444,0.04511,0.05307,0.69488,0.19615,-0.66682,0.18445,0.01482,0.00619,0.00471,
1548074927233939200,-1.51451,0.04514,0.05318,0.69493,0.19586,-0.66692,0.18417,0.01385,0.00572,0.00492,
1548074927333859072,-1.51460,0.04521,0.05320,0.69500,0.19557,-0.66701,0.18391,0.01395,0.00533,0.00456,
1548074927433778944,-1.51464,0.04535,0.05303,0.69509,0.19530,-0.66706,0.18366,0.01351,0.00575,0.00435,
1548074927533709056,-1.51468,0.04544,0.05307,0.69514,0.19506,-0.66714,0.18344,0.01318,0.00552,0.00429,
1548074927633629184,-1.51489,0.04556,0.05313,0.69520,0.19484,-0.66721,0.18323,0.01276,0.00551,0.00530,
1548074927733549056,-1.51490,0.04568,0.05325,0.69524,0.19461,-0.66729,0.18301,0.01210,0.00582,0.00507,
1548074927833469184,-1.51489,0.04573,0.05326,0.69532,0.19434,-0.66736,0.18275,0.01172,0.00582,0.00510,
1548074927933389056,-1.51497,0.04589,0.05330,0.69537,0.19411,-0.66743,0.18253,0.01115,0.00620,0.00559,
1548074928033308928,-1.51508,0.04597,0.05313,0.69545,0.19387,-0.66747,0.18230,0.01141,0.00650,0.00521,
1548074928133229056,-1.51520,0.04597,0.05322,0.69552,0.19358,-0.66757,0.18201,0.01061,0.00596,0.00510,
1548074928233148928,-1.51531,0.04607,0.05328,0.69558,0.19329,-0.66766,0.18175,0.01004,0.00588,0.00476,
1548074928333069056,-1.51529,0.04618,0.05319,0.69564,0.19305,-0.66773,0.18153,0.01019,0.00640,0.00445,
1548074928432999168,-1.51522,0.04630,0.05320,0.69569,0.19283,-0.66779,0.18132,0.01034,0.00605,0.00461,
1548074928532919040,-1.51516,0.04638,0.05326,0.69576,0.19254,-0.66788,0.18105,0.01015,0.00568,0.00476,
1548074928632838912,-1.51528,0.04646,0.05306,0.69586,0.19227,-0.66792,0.18082,0.00903,0.00526,0.00462,
1548074928732759040,-1.51553,0.04654,0.05287,0.69592,0.19209,-0.66796,0.18064,0.00861,0.00524,0.00464,
1548074928832678912,-1.51553,0.04662,0.05304,0.69596,0.19183,-0.66805,0.18042,0.00880,0.00580,0.00488,
1548074928932599040,-1.51557,0.04663,0.05297,0.69604,0.19156,-0.66811,0.18016,0.00875,0.00538,0.00416,
1548074929032519168,-1.51569,0.04667,0.05273,0.69610,0.19137,-0.66815,0.17999,0.00917,0.00569,0.00495,
1548074929132438784,-1.51556,0.04680,0.05301,0.69614,0.19111,-0.66825,0.17974,0.00849,0.00608,0.00495,
1548074929232358912,-1.51570,0.04689,0.05274,0.69622,0.19090,-0.66828,0.17954,0.00905,0.00546,0.00530,
1548074929332289024,-1.51565,0.04701,0.05289,0.69627,0.19062,-0.66837,0.17929,0.00890,0.00534,0.00516,
1548074929432208896,-1.51574,0.04709,0.05285,0.69633,0.19036,-0.66844,0.17907,0.00852,0.00524,0.00500,
1548074929532129024,-1.51582,0.04711,0.05283,0.69640,0.19011,-0.66851,0.17882,0.00796,0.00502,0.00513,
1548074929632049152,-1.51595,0.04709,0.05250,0.69649,0.18990,-0.66853,0.17862,0.00895,0.00533,0.00534,
1548074929731968768,-1.51595,0.04714,0.05256,0.69654,0.18968,-0.66860,0.17841,0.00884,0.00518,0.00501,
1548074929831888896,-1.51594,0.04726,0.05251,0.69659,0.18944,-0.66867,0.17820,0.00909,0.00536,0.00520,
1548074929931809024,-1.51599,0.04720,0.05242,0.69666,0.18925,-0.66871,0.17800,0.01006,0.00453,0.00580,
1548074930031728896,-1.51600,0.04727,0.05255,0.69671,0.18897,-0.66880,0.17775,0.00894,0.00497,0.00604,
1548074930131649024,-1.51602,0.04734,0.05252,0.69677,0.18873,-0.66886,0.17752,0.00930,0.00558,0.00689,
1548074930231579136,-1.51607,0.04740,0.05249,0.69686,0.18842,-0.66894,0.17723,0.00923,0.00561,0.00642,
1548074930331498752,-1.51604,0.04745,0.05255,0.69690,0.18820,-0.66902,0.17702,0.00896,0.00531,0.00700,
1548074930431418880,-1.51603,0.04755,0.05250,0.69696,0.18794,-0.66908,0.17679,0.00907,0.00527,0.00709,
1548074930531339008,-1.51619,0.04773,0.05218,0.69704,0.18772,-0.66911,0.17661,0.00943,0.00618,0.00704,
1548074930631258880,-1.51608,0.04783,0.05229,0.69709,0.18747,-0.66919,0.17637,0.00911,0.00625,0.00687,
1548074930731179008,-1.51619,0.04797,0.05220,0.69715,0.18725,-0.66924,0.17618,0.00884,0.00591,0.00684,
1548074930831099136,-1.51629,0.04810,0.05209,0.69721,0.18704,-0.66929,0.17599,0.00916,0.00500,0.00678,
1548074930931019008,-1.51626,0.04808,0.05207,0.69727,0.18681,-0.66935,0.17575,0.00924,0.00466,0.00672,
1548074931030948864,-1.51637,0.04823,0.05195,0.69732,0.18662,-0.66939,0.17559,0.00918,0.00606,0.00743,
1548074931130868992,-1.51644,0.04832,0.05173,0.69740,0.18641,-0.66942,0.17540,0.01072,0.00498,0.00714,
1548074931230788864,-1.51640,0.04838,0.05183,0.69744,0.18619,-0.66949,0.17520,0.01006,0.00496,0.00743,
1548074931330708992,-1.51647,0.04840,0.05178,0.69750,0.18597,-0.66954,0.17500,0.01085,0.00483,0.00757,
1548074931430629120,-1.51649,0.04854,0.05178,0.69756,0.18573,-0.66961,0.17478,0.01084,0.00602,0.00750,
1548074931530548992,-1.51647,0.04861,0.05177,0.69761,0.18551,-0.66967,0.17457,0.01049,0.00604,0.00759,
1548074931630468864,-1.51655,0.04869,0.05167,0.69766,0.18532,-0.66972,0.17438,0.01135,0.00589,0.00800,
1548074931730388992,-1.51659,0.04872,0.05167,0.69772,0.18509,-0.66977,0.17416,0.01160,0.00534,0.00742,
1548074931830318848,-1.51660,0.04877,0.05165,0.69778,0.18483,-0.66984,0.17395,0.01166,0.00570,0.00779,
1548074931930228992,-1.51670,0.04893,0.05145,0.69786,0.18458,-0.66988,0.17371,0.01212,0.00532,0.00766,
1548074932030159104,-1.51679,0.04897,0.05142,0.69791,0.18437,-0.66994,0.17351,0.01230,0.00546,0.00812,
1548074932130078976,-1.51684,0.04900,0.05141,0.69797,0.18413,-0.67000,0.17329,0.01208,0.00569,0.00802,
1548074932229998848,-1.51684,0.04905,0.05136,0.69802,0.18391,-0.67006,0.17311,0.01214,0.00559,0.00797,
1548074932329918976,-1.51684,0.04910,0.05124,0.69810,0.18367,-0.67010,0.17287,0.01263,0.00564,0.00760,
1548074932429838848,-1.51688,0.04917,0.05129,0.69814,0.18345,-0.67017,0.17267,0.01177,0.00589,0.00784,
1548074932529758976,-1.51692,0.04929,0.05114,0.69819,0.18329,-0.67020,0.17251,0.01240,0.00523,0.00803,
1548074932629678848,-1.51694,0.04929,0.05118,0.69824,0.18308,-0.67026,0.17232,0.01156,0.00533,0.00795,
1548074932729598976,-1.51705,0.04945,0.05099,0.69831,0.18285,-0.67030,0.17212,0.01190,0.00664,0.00775,
1548074932829528832,-1.51704,0.04945,0.05097,0.69835,0.18265,-0.67036,0.17193,0.01230,0.00539,0.00796,
1548074932929448960,-1.51714,0.04946,0.05090,0.69841,0.18244,-0.67041,0.17172,0.01204,0.00555,0.00785,
1548074933029368832,-1.51725,0.04959,0.05060,0.69847,0.18231,-0.67041,0.17160,0.01345,0.00588,0.00843,
1548074933129288960,-1.51719,0.04964,0.05076,0.69850,0.18213,-0.67047,0.17143,0.01305,0.00562,0.00777,
1548074933229208832,-1.51727,0.04964,0.05070,0.69856,0.18191,-0.67052,0.17123,0.01251,0.00609,0.00775,
1548074933329128960,-1.51728,0.04980,0.05070,0.69860,0.18174,-0.67057,0.17108,0.01297,0.00680,0.00814,
1548074933429049088,-1.51728,0.04985,0.05058,0.69866,0.18154,-0.67061,0.17089,0.01348,0.00554,0.00791,
1548074933528968704,-1.51740,0.04984,0.05039,0.69872,0.18139,-0.67063,0.17074,0.01354,0.00619,0.00812,
1548074933628898816,-1.51749,0.04997,0.05047,0.69874,0.18122,-0.67069,0.17060,0.01323,0.00662,0.00786,
1548074933728818944,-1.51760,0.04997,0.05034,0.69880,0.18102,-0.67072,0.17042,0.01347,0.00592,0.00757,
1548074933828738816,-1.51761,0.05000,0.05025,0.69886,0.18078,-0.67077,0.17022,0.01358,0.00668,0.00757,
1548074933928658944,-1.51764,0.05004,0.05018,0.69891,0.18062,-0.67081,0.17005,0.01333,0.00596,0.00753,
1548074934028579072,-1.51769,0.05000,0.05026,0.69894,0.18044,-0.67087,0.16987,0.01368,0.00555,0.00760,
1548074934128498688,-1.51771,0.05010,0.05018,0.69898,0.18029,-0.67090,0.16974,0.01338,0.00641,0.00809,
1548074934228418816,-1.51772,0.05016,0.05011,0.69904,0.18008,-0.67094,0.16957,0.01345,0.00636,0.00810,
1548074934328338944,-1.51775,0.05017,0.05008,0.69909,0.17988,-0.67099,0.16937,0.01343,0.00602,0.00816,
1548074934428258816,-1.51776,0.05020,0.05017,0.69912,0.17970,-0.67105,0.16921,0.01335,0.00618,0.00847,
1548074934528188928,-1.51773,0.05022,0.05009,0.69917,0.17954,-0.67109,0.16904,0.01384,0.00639,0.00924,
1548074934628109056,-1.51780,0.05026,0.04999,0.69924,0.17930,-0.67113,0.16883,0.01387,0.00659,0.00841,
1548074934728028672,-1.51795,0.05039,0.04979,0.69930,0.17913,-0.67115,0.16868,0.01453,0.00702,0.00868,
1548074934827948800,-1.52005,0.04634,0.03948,0.69836,0.18675,-0.66811,0.17620,0.00309,0.00009,-0.00068,
1548074934927868928,-1.51941,0.04501,0.03886,0.69743,0.19092,-0.66686,0.18010,0.00438,0.00054,0.00001,
1548074935027788800,-1.51905,0.04407,0.03876,0.69679,0.19363,-0.66606,0.18261,0.00251,-0.00064,0.00005,
1548074935127708928,-1.51865,0.04336,0.03863,0.69637,0.19542,-0.66552,0.18429,0.00406,-0.00082,-0.00091,
1548074935227629056,-1.51825,0.04292,0.03892,0.69596,0.19696,-0.66509,0.18573,0.00350,-0.00012,-0.00020,
1548074935327548672,-1.51837,0.04260,0.03856,0.69591,0.19740,-0.66491,0.18612,0.00322,-0.00087,-0.00056,
1548074935427478784,-1.51842,0.04225,0.03856,0.69583,0.19775,-0.66480,0.18642,0.00332,-0.00124,-0.00013,
1548074935527398912,-1.51813,0.04208,0.03891,0.69567,0.19822,-0.66470,0.18686,0.00417,-0.00142,0.00065,
1548074935627318784,-1.51813,0.04198,0.03889,0.69560,0.19852,-0.66462,0.18713,0.00245,-0.00082,-0.00075,
1548074935727238912,-1.51794,0.04195,0.03916,0.69549,0.19886,-0.66454,0.18745,0.00440,-0.00003,0.00134,
1548074935827159040,-1.51781,0.04197,0.03895,0.69549,0.19892,-0.66450,0.18751,0.00603,0.00011,0.00032,
1548074935927078656,-1.51798,0.04177,0.03868,0.69555,0.19886,-0.66448,0.18745,0.00270,-0.00115,-0.00020,
1548074936026998784,-1.51815,0.04180,0.03864,0.69555,0.19886,-0.66448,0.18745,0.00278,-0.00103,0.00042,
1548074936126918912,-1.51788,0.04182,0.03890,0.69548,0.19898,-0.66449,0.18756,0.00483,-0.00098,-0.00031,
1548074936226838784,-1.51790,0.04167,0.03872,0.69553,0.19891,-0.66447,0.18749,0.00450,-0.00144,0.00109,
1548074936326768896,-1.51774,0.04184,0.03898,0.69547,0.19901,-0.66448,0.18759,0.00516,-0.00032,0.00131,
1548074936426689024,-1.51761,0.04182,0.03920,0.69541,0.19917,-0.66446,0.18772,0.00363,-0.00028,0.00115,
1548074936526608640,-1.51763,0.04184,0.03920,0.69539,0.19923,-0.66444,0.18778,0.00399,0.00011,0.00130,
1548074936626528768,-1.51764,0.04178,0.03907,0.69540,0.19925,-0.66441,0.18781,0.00483,-0.00129,0.00145,
1548074936726448896,-1.51770,0.04183,0.03893,0.69543,0.19919,-0.66442,0.18775,0.00411,0.00047,0.00050,
1548074936826368768,-1.51772,0.04176,0.03917,0.69538,0.19927,-0.66443,0.18781,0.00242,-0.00102,0.00046,
1548074936926288896,-1.51777,0.04187,0.03895,0.69542,0.19919,-0.66442,0.18775,0.00443,-0.00017,0.00038,
1548074937026208768,-1.51777,0.04184,0.03894,0.69544,0.19916,-0.66442,0.18773,0.00375,-0.00115,0.00058,
1548074937126138624,-1.51770,0.04187,0.03898,0.69544,0.19913,-0.66444,0.18770,0.00489,-0.00037,0.00092,
1548074937226058752,-1.51778,0.04194,0.03873,0.69550,0.19902,-0.66444,0.18760,0.00461,0.00057,-0.00010,
